ISO-10303-21;
HEADER;
/* Generated by software containing ST-Developer
 * from STEP Tools, Inc. (www.steptools.com) 
 */
/* OPTION: using custom renumber hook */

FILE_DESCRIPTION(
/* description */ ('STEP AP242 Edition 2',
'CAx-IF Rec.Pracs.---Representation and Presentation of Product Manufa
cturing Information (PMI)---4.0---2014-10-13',
'CAx-IF Rec.Pracs.---3D Tessellated Geometry---0.4---2014-09-14','2;1',
'CAx-IF Rec.Pracs.---User Defined Attributes---1.5---2016-08-15'),
/* implementation_level */ '2;1');

FILE_NAME(
/* name */ 'Lid Extra',
/* time_stamp */ '2026-06-28T16:19:22Z',
/* author */ (''),
/* organization */ (''),
/* preprocessor_version */ 'ST-DEVELOPER v20',
/* originating_system */ 'ONSHAPE BY PTC INC, 1.217',
/* authorisation */ '  ');

FILE_SCHEMA (('AP242_MANAGED_MODEL_BASED_3D_ENGINEERING_MIM_LF { 1 0 10303 442 3 1 4 }'));
ENDSEC;

DATA;
#10=SHAPE_REPRESENTATION_RELATIONSHIP('','',#1578,#25);
#11=SHAPE_REPRESENTATION_RELATIONSHIP('','',#1579,#26);
#12=SHAPE_REPRESENTATION_RELATIONSHIP('','',#1580,#27);
#13=SHAPE_REPRESENTATION_RELATIONSHIP('','',#1581,#28);
#14=SHAPE_REPRESENTATION_RELATIONSHIP('','',#1582,#29);
#15=SHAPE_REPRESENTATION_RELATIONSHIP('','',#1583,#30);
#16=SHAPE_REPRESENTATION_RELATIONSHIP('','',#1584,#31);
#17=SHAPE_REPRESENTATION_RELATIONSHIP('','',#1585,#32);
#18=SHAPE_REPRESENTATION_RELATIONSHIP('','',#1586,#33);
#19=SHAPE_REPRESENTATION_RELATIONSHIP('','',#1587,#34);
#20=SHAPE_REPRESENTATION_RELATIONSHIP('','',#1588,#35);
#21=SHAPE_REPRESENTATION_RELATIONSHIP('','',#1589,#36);
#22=SHAPE_REPRESENTATION_RELATIONSHIP('','',#1590,#37);
#23=SHAPE_REPRESENTATION_RELATIONSHIP('','',#1591,#38);
#24=SHAPE_REPRESENTATION_RELATIONSHIP('','',#1592,#39);
#25=ADVANCED_BREP_SHAPE_REPRESENTATION('',(#1548),#2508);
#26=ADVANCED_BREP_SHAPE_REPRESENTATION('',(#1549),#2509);
#27=ADVANCED_BREP_SHAPE_REPRESENTATION('',(#1550),#2510);
#28=ADVANCED_BREP_SHAPE_REPRESENTATION('',(#1551),#2511);
#29=ADVANCED_BREP_SHAPE_REPRESENTATION('',(#1552),#2512);
#30=ADVANCED_BREP_SHAPE_REPRESENTATION('',(#1553),#2513);
#31=ADVANCED_BREP_SHAPE_REPRESENTATION('',(#1554),#2514);
#32=ADVANCED_BREP_SHAPE_REPRESENTATION('',(#1555),#2515);
#33=ADVANCED_BREP_SHAPE_REPRESENTATION('',(#1556),#2516);
#34=ADVANCED_BREP_SHAPE_REPRESENTATION('',(#1557),#2517);
#35=ADVANCED_BREP_SHAPE_REPRESENTATION('',(#1558),#2518);
#36=ADVANCED_BREP_SHAPE_REPRESENTATION('',(#1559),#2519);
#37=ADVANCED_BREP_SHAPE_REPRESENTATION('',(#1560),#2520);
#38=ADVANCED_BREP_SHAPE_REPRESENTATION('',(#1561),#2521);
#39=ADVANCED_BREP_SHAPE_REPRESENTATION('',(#1562),#2522);
#40=ORIENTED_EDGE('',*,*,#400,.F.);
#41=ORIENTED_EDGE('',*,*,#401,.F.);
#42=ORIENTED_EDGE('',*,*,#402,.T.);
#43=ORIENTED_EDGE('',*,*,#403,.T.);
#44=ORIENTED_EDGE('',*,*,#404,.T.);
#45=ORIENTED_EDGE('',*,*,#405,.F.);
#46=ORIENTED_EDGE('',*,*,#406,.F.);
#47=ORIENTED_EDGE('',*,*,#401,.T.);
#48=ORIENTED_EDGE('',*,*,#407,.T.);
#49=ORIENTED_EDGE('',*,*,#408,.F.);
#50=ORIENTED_EDGE('',*,*,#409,.F.);
#51=ORIENTED_EDGE('',*,*,#405,.T.);
#52=ORIENTED_EDGE('',*,*,#410,.F.);
#53=ORIENTED_EDGE('',*,*,#403,.F.);
#54=ORIENTED_EDGE('',*,*,#411,.T.);
#55=ORIENTED_EDGE('',*,*,#408,.T.);
#56=ORIENTED_EDGE('',*,*,#402,.F.);
#57=ORIENTED_EDGE('',*,*,#406,.T.);
#58=ORIENTED_EDGE('',*,*,#409,.T.);
#59=ORIENTED_EDGE('',*,*,#411,.F.);
#60=ORIENTED_EDGE('',*,*,#400,.T.);
#61=ORIENTED_EDGE('',*,*,#410,.T.);
#62=ORIENTED_EDGE('',*,*,#407,.F.);
#63=ORIENTED_EDGE('',*,*,#404,.F.);
#64=ORIENTED_EDGE('',*,*,#412,.F.);
#65=ORIENTED_EDGE('',*,*,#413,.F.);
#66=ORIENTED_EDGE('',*,*,#414,.T.);
#67=ORIENTED_EDGE('',*,*,#415,.T.);
#68=ORIENTED_EDGE('',*,*,#416,.T.);
#69=ORIENTED_EDGE('',*,*,#417,.F.);
#70=ORIENTED_EDGE('',*,*,#418,.F.);
#71=ORIENTED_EDGE('',*,*,#413,.T.);
#72=ORIENTED_EDGE('',*,*,#419,.T.);
#73=ORIENTED_EDGE('',*,*,#420,.F.);
#74=ORIENTED_EDGE('',*,*,#421,.F.);
#75=ORIENTED_EDGE('',*,*,#417,.T.);
#76=ORIENTED_EDGE('',*,*,#422,.F.);
#77=ORIENTED_EDGE('',*,*,#415,.F.);
#78=ORIENTED_EDGE('',*,*,#423,.T.);
#79=ORIENTED_EDGE('',*,*,#420,.T.);
#80=ORIENTED_EDGE('',*,*,#414,.F.);
#81=ORIENTED_EDGE('',*,*,#418,.T.);
#82=ORIENTED_EDGE('',*,*,#421,.T.);
#83=ORIENTED_EDGE('',*,*,#423,.F.);
#84=ORIENTED_EDGE('',*,*,#412,.T.);
#85=ORIENTED_EDGE('',*,*,#422,.T.);
#86=ORIENTED_EDGE('',*,*,#419,.F.);
#87=ORIENTED_EDGE('',*,*,#416,.F.);
#88=ORIENTED_EDGE('',*,*,#424,.F.);
#89=ORIENTED_EDGE('',*,*,#425,.F.);
#90=ORIENTED_EDGE('',*,*,#426,.T.);
#91=ORIENTED_EDGE('',*,*,#427,.T.);
#92=ORIENTED_EDGE('',*,*,#428,.T.);
#93=ORIENTED_EDGE('',*,*,#429,.F.);
#94=ORIENTED_EDGE('',*,*,#430,.F.);
#95=ORIENTED_EDGE('',*,*,#425,.T.);
#96=ORIENTED_EDGE('',*,*,#431,.T.);
#97=ORIENTED_EDGE('',*,*,#432,.F.);
#98=ORIENTED_EDGE('',*,*,#433,.F.);
#99=ORIENTED_EDGE('',*,*,#429,.T.);
#100=ORIENTED_EDGE('',*,*,#434,.F.);
#101=ORIENTED_EDGE('',*,*,#427,.F.);
#102=ORIENTED_EDGE('',*,*,#435,.T.);
#103=ORIENTED_EDGE('',*,*,#432,.T.);
#104=ORIENTED_EDGE('',*,*,#426,.F.);
#105=ORIENTED_EDGE('',*,*,#430,.T.);
#106=ORIENTED_EDGE('',*,*,#433,.T.);
#107=ORIENTED_EDGE('',*,*,#435,.F.);
#108=ORIENTED_EDGE('',*,*,#424,.T.);
#109=ORIENTED_EDGE('',*,*,#434,.T.);
#110=ORIENTED_EDGE('',*,*,#431,.F.);
#111=ORIENTED_EDGE('',*,*,#428,.F.);
#112=ORIENTED_EDGE('',*,*,#436,.F.);
#113=ORIENTED_EDGE('',*,*,#437,.F.);
#114=ORIENTED_EDGE('',*,*,#438,.T.);
#115=ORIENTED_EDGE('',*,*,#439,.T.);
#116=ORIENTED_EDGE('',*,*,#440,.T.);
#117=ORIENTED_EDGE('',*,*,#441,.F.);
#118=ORIENTED_EDGE('',*,*,#442,.F.);
#119=ORIENTED_EDGE('',*,*,#437,.T.);
#120=ORIENTED_EDGE('',*,*,#443,.T.);
#121=ORIENTED_EDGE('',*,*,#444,.F.);
#122=ORIENTED_EDGE('',*,*,#445,.F.);
#123=ORIENTED_EDGE('',*,*,#441,.T.);
#124=ORIENTED_EDGE('',*,*,#446,.F.);
#125=ORIENTED_EDGE('',*,*,#439,.F.);
#126=ORIENTED_EDGE('',*,*,#447,.T.);
#127=ORIENTED_EDGE('',*,*,#444,.T.);
#128=ORIENTED_EDGE('',*,*,#438,.F.);
#129=ORIENTED_EDGE('',*,*,#442,.T.);
#130=ORIENTED_EDGE('',*,*,#445,.T.);
#131=ORIENTED_EDGE('',*,*,#447,.F.);
#132=ORIENTED_EDGE('',*,*,#436,.T.);
#133=ORIENTED_EDGE('',*,*,#446,.T.);
#134=ORIENTED_EDGE('',*,*,#443,.F.);
#135=ORIENTED_EDGE('',*,*,#440,.F.);
#136=ORIENTED_EDGE('',*,*,#448,.F.);
#137=ORIENTED_EDGE('',*,*,#449,.F.);
#138=ORIENTED_EDGE('',*,*,#450,.T.);
#139=ORIENTED_EDGE('',*,*,#451,.T.);
#140=ORIENTED_EDGE('',*,*,#452,.T.);
#141=ORIENTED_EDGE('',*,*,#453,.F.);
#142=ORIENTED_EDGE('',*,*,#454,.F.);
#143=ORIENTED_EDGE('',*,*,#449,.T.);
#144=ORIENTED_EDGE('',*,*,#455,.T.);
#145=ORIENTED_EDGE('',*,*,#456,.F.);
#146=ORIENTED_EDGE('',*,*,#457,.F.);
#147=ORIENTED_EDGE('',*,*,#453,.T.);
#148=ORIENTED_EDGE('',*,*,#458,.F.);
#149=ORIENTED_EDGE('',*,*,#451,.F.);
#150=ORIENTED_EDGE('',*,*,#459,.T.);
#151=ORIENTED_EDGE('',*,*,#456,.T.);
#152=ORIENTED_EDGE('',*,*,#450,.F.);
#153=ORIENTED_EDGE('',*,*,#454,.T.);
#154=ORIENTED_EDGE('',*,*,#457,.T.);
#155=ORIENTED_EDGE('',*,*,#459,.F.);
#156=ORIENTED_EDGE('',*,*,#448,.T.);
#157=ORIENTED_EDGE('',*,*,#458,.T.);
#158=ORIENTED_EDGE('',*,*,#455,.F.);
#159=ORIENTED_EDGE('',*,*,#452,.F.);
#160=ORIENTED_EDGE('',*,*,#460,.F.);
#161=ORIENTED_EDGE('',*,*,#461,.F.);
#162=ORIENTED_EDGE('',*,*,#462,.T.);
#163=ORIENTED_EDGE('',*,*,#463,.T.);
#164=ORIENTED_EDGE('',*,*,#464,.T.);
#165=ORIENTED_EDGE('',*,*,#465,.F.);
#166=ORIENTED_EDGE('',*,*,#466,.F.);
#167=ORIENTED_EDGE('',*,*,#461,.T.);
#168=ORIENTED_EDGE('',*,*,#467,.T.);
#169=ORIENTED_EDGE('',*,*,#468,.F.);
#170=ORIENTED_EDGE('',*,*,#469,.F.);
#171=ORIENTED_EDGE('',*,*,#465,.T.);
#172=ORIENTED_EDGE('',*,*,#470,.F.);
#173=ORIENTED_EDGE('',*,*,#463,.F.);
#174=ORIENTED_EDGE('',*,*,#471,.T.);
#175=ORIENTED_EDGE('',*,*,#468,.T.);
#176=ORIENTED_EDGE('',*,*,#462,.F.);
#177=ORIENTED_EDGE('',*,*,#466,.T.);
#178=ORIENTED_EDGE('',*,*,#469,.T.);
#179=ORIENTED_EDGE('',*,*,#471,.F.);
#180=ORIENTED_EDGE('',*,*,#460,.T.);
#181=ORIENTED_EDGE('',*,*,#470,.T.);
#182=ORIENTED_EDGE('',*,*,#467,.F.);
#183=ORIENTED_EDGE('',*,*,#464,.F.);
#184=ORIENTED_EDGE('',*,*,#472,.F.);
#185=ORIENTED_EDGE('',*,*,#473,.F.);
#186=ORIENTED_EDGE('',*,*,#474,.T.);
#187=ORIENTED_EDGE('',*,*,#475,.T.);
#188=ORIENTED_EDGE('',*,*,#476,.T.);
#189=ORIENTED_EDGE('',*,*,#477,.F.);
#190=ORIENTED_EDGE('',*,*,#478,.F.);
#191=ORIENTED_EDGE('',*,*,#473,.T.);
#192=ORIENTED_EDGE('',*,*,#479,.T.);
#193=ORIENTED_EDGE('',*,*,#480,.F.);
#194=ORIENTED_EDGE('',*,*,#481,.F.);
#195=ORIENTED_EDGE('',*,*,#477,.T.);
#196=ORIENTED_EDGE('',*,*,#482,.F.);
#197=ORIENTED_EDGE('',*,*,#475,.F.);
#198=ORIENTED_EDGE('',*,*,#483,.T.);
#199=ORIENTED_EDGE('',*,*,#480,.T.);
#200=ORIENTED_EDGE('',*,*,#474,.F.);
#201=ORIENTED_EDGE('',*,*,#478,.T.);
#202=ORIENTED_EDGE('',*,*,#481,.T.);
#203=ORIENTED_EDGE('',*,*,#483,.F.);
#204=ORIENTED_EDGE('',*,*,#472,.T.);
#205=ORIENTED_EDGE('',*,*,#482,.T.);
#206=ORIENTED_EDGE('',*,*,#479,.F.);
#207=ORIENTED_EDGE('',*,*,#476,.F.);
#208=ORIENTED_EDGE('',*,*,#484,.F.);
#209=ORIENTED_EDGE('',*,*,#485,.F.);
#210=ORIENTED_EDGE('',*,*,#486,.T.);
#211=ORIENTED_EDGE('',*,*,#487,.T.);
#212=ORIENTED_EDGE('',*,*,#488,.T.);
#213=ORIENTED_EDGE('',*,*,#489,.F.);
#214=ORIENTED_EDGE('',*,*,#490,.F.);
#215=ORIENTED_EDGE('',*,*,#485,.T.);
#216=ORIENTED_EDGE('',*,*,#491,.T.);
#217=ORIENTED_EDGE('',*,*,#492,.F.);
#218=ORIENTED_EDGE('',*,*,#493,.F.);
#219=ORIENTED_EDGE('',*,*,#489,.T.);
#220=ORIENTED_EDGE('',*,*,#494,.F.);
#221=ORIENTED_EDGE('',*,*,#487,.F.);
#222=ORIENTED_EDGE('',*,*,#495,.T.);
#223=ORIENTED_EDGE('',*,*,#492,.T.);
#224=ORIENTED_EDGE('',*,*,#486,.F.);
#225=ORIENTED_EDGE('',*,*,#490,.T.);
#226=ORIENTED_EDGE('',*,*,#493,.T.);
#227=ORIENTED_EDGE('',*,*,#495,.F.);
#228=ORIENTED_EDGE('',*,*,#484,.T.);
#229=ORIENTED_EDGE('',*,*,#494,.T.);
#230=ORIENTED_EDGE('',*,*,#491,.F.);
#231=ORIENTED_EDGE('',*,*,#488,.F.);
#232=ORIENTED_EDGE('',*,*,#496,.F.);
#233=ORIENTED_EDGE('',*,*,#497,.F.);
#234=ORIENTED_EDGE('',*,*,#498,.T.);
#235=ORIENTED_EDGE('',*,*,#499,.T.);
#236=ORIENTED_EDGE('',*,*,#500,.T.);
#237=ORIENTED_EDGE('',*,*,#501,.F.);
#238=ORIENTED_EDGE('',*,*,#502,.F.);
#239=ORIENTED_EDGE('',*,*,#497,.T.);
#240=ORIENTED_EDGE('',*,*,#503,.T.);
#241=ORIENTED_EDGE('',*,*,#504,.F.);
#242=ORIENTED_EDGE('',*,*,#505,.F.);
#243=ORIENTED_EDGE('',*,*,#501,.T.);
#244=ORIENTED_EDGE('',*,*,#506,.F.);
#245=ORIENTED_EDGE('',*,*,#499,.F.);
#246=ORIENTED_EDGE('',*,*,#507,.T.);
#247=ORIENTED_EDGE('',*,*,#504,.T.);
#248=ORIENTED_EDGE('',*,*,#498,.F.);
#249=ORIENTED_EDGE('',*,*,#502,.T.);
#250=ORIENTED_EDGE('',*,*,#505,.T.);
#251=ORIENTED_EDGE('',*,*,#507,.F.);
#252=ORIENTED_EDGE('',*,*,#496,.T.);
#253=ORIENTED_EDGE('',*,*,#506,.T.);
#254=ORIENTED_EDGE('',*,*,#503,.F.);
#255=ORIENTED_EDGE('',*,*,#500,.F.);
#256=ORIENTED_EDGE('',*,*,#508,.F.);
#257=ORIENTED_EDGE('',*,*,#509,.F.);
#258=ORIENTED_EDGE('',*,*,#510,.T.);
#259=ORIENTED_EDGE('',*,*,#511,.T.);
#260=ORIENTED_EDGE('',*,*,#512,.T.);
#261=ORIENTED_EDGE('',*,*,#513,.F.);
#262=ORIENTED_EDGE('',*,*,#514,.F.);
#263=ORIENTED_EDGE('',*,*,#509,.T.);
#264=ORIENTED_EDGE('',*,*,#515,.T.);
#265=ORIENTED_EDGE('',*,*,#516,.F.);
#266=ORIENTED_EDGE('',*,*,#517,.F.);
#267=ORIENTED_EDGE('',*,*,#513,.T.);
#268=ORIENTED_EDGE('',*,*,#518,.F.);
#269=ORIENTED_EDGE('',*,*,#511,.F.);
#270=ORIENTED_EDGE('',*,*,#519,.T.);
#271=ORIENTED_EDGE('',*,*,#516,.T.);
#272=ORIENTED_EDGE('',*,*,#510,.F.);
#273=ORIENTED_EDGE('',*,*,#514,.T.);
#274=ORIENTED_EDGE('',*,*,#517,.T.);
#275=ORIENTED_EDGE('',*,*,#519,.F.);
#276=ORIENTED_EDGE('',*,*,#508,.T.);
#277=ORIENTED_EDGE('',*,*,#518,.T.);
#278=ORIENTED_EDGE('',*,*,#515,.F.);
#279=ORIENTED_EDGE('',*,*,#512,.F.);
#280=ORIENTED_EDGE('',*,*,#520,.F.);
#281=ORIENTED_EDGE('',*,*,#521,.F.);
#282=ORIENTED_EDGE('',*,*,#522,.T.);
#283=ORIENTED_EDGE('',*,*,#523,.T.);
#284=ORIENTED_EDGE('',*,*,#524,.T.);
#285=ORIENTED_EDGE('',*,*,#525,.F.);
#286=ORIENTED_EDGE('',*,*,#526,.F.);
#287=ORIENTED_EDGE('',*,*,#521,.T.);
#288=ORIENTED_EDGE('',*,*,#527,.T.);
#289=ORIENTED_EDGE('',*,*,#528,.F.);
#290=ORIENTED_EDGE('',*,*,#529,.F.);
#291=ORIENTED_EDGE('',*,*,#525,.T.);
#292=ORIENTED_EDGE('',*,*,#530,.F.);
#293=ORIENTED_EDGE('',*,*,#523,.F.);
#294=ORIENTED_EDGE('',*,*,#531,.T.);
#295=ORIENTED_EDGE('',*,*,#528,.T.);
#296=ORIENTED_EDGE('',*,*,#522,.F.);
#297=ORIENTED_EDGE('',*,*,#526,.T.);
#298=ORIENTED_EDGE('',*,*,#529,.T.);
#299=ORIENTED_EDGE('',*,*,#531,.F.);
#300=ORIENTED_EDGE('',*,*,#520,.T.);
#301=ORIENTED_EDGE('',*,*,#530,.T.);
#302=ORIENTED_EDGE('',*,*,#527,.F.);
#303=ORIENTED_EDGE('',*,*,#524,.F.);
#304=ORIENTED_EDGE('',*,*,#532,.F.);
#305=ORIENTED_EDGE('',*,*,#533,.F.);
#306=ORIENTED_EDGE('',*,*,#534,.T.);
#307=ORIENTED_EDGE('',*,*,#535,.T.);
#308=ORIENTED_EDGE('',*,*,#536,.T.);
#309=ORIENTED_EDGE('',*,*,#537,.F.);
#310=ORIENTED_EDGE('',*,*,#538,.F.);
#311=ORIENTED_EDGE('',*,*,#533,.T.);
#312=ORIENTED_EDGE('',*,*,#539,.T.);
#313=ORIENTED_EDGE('',*,*,#540,.F.);
#314=ORIENTED_EDGE('',*,*,#541,.F.);
#315=ORIENTED_EDGE('',*,*,#537,.T.);
#316=ORIENTED_EDGE('',*,*,#542,.F.);
#317=ORIENTED_EDGE('',*,*,#535,.F.);
#318=ORIENTED_EDGE('',*,*,#543,.T.);
#319=ORIENTED_EDGE('',*,*,#540,.T.);
#320=ORIENTED_EDGE('',*,*,#534,.F.);
#321=ORIENTED_EDGE('',*,*,#538,.T.);
#322=ORIENTED_EDGE('',*,*,#541,.T.);
#323=ORIENTED_EDGE('',*,*,#543,.F.);
#324=ORIENTED_EDGE('',*,*,#532,.T.);
#325=ORIENTED_EDGE('',*,*,#542,.T.);
#326=ORIENTED_EDGE('',*,*,#539,.F.);
#327=ORIENTED_EDGE('',*,*,#536,.F.);
#328=ORIENTED_EDGE('',*,*,#544,.F.);
#329=ORIENTED_EDGE('',*,*,#545,.F.);
#330=ORIENTED_EDGE('',*,*,#546,.T.);
#331=ORIENTED_EDGE('',*,*,#547,.T.);
#332=ORIENTED_EDGE('',*,*,#548,.T.);
#333=ORIENTED_EDGE('',*,*,#549,.F.);
#334=ORIENTED_EDGE('',*,*,#550,.F.);
#335=ORIENTED_EDGE('',*,*,#545,.T.);
#336=ORIENTED_EDGE('',*,*,#551,.T.);
#337=ORIENTED_EDGE('',*,*,#552,.F.);
#338=ORIENTED_EDGE('',*,*,#553,.F.);
#339=ORIENTED_EDGE('',*,*,#549,.T.);
#340=ORIENTED_EDGE('',*,*,#554,.F.);
#341=ORIENTED_EDGE('',*,*,#547,.F.);
#342=ORIENTED_EDGE('',*,*,#555,.T.);
#343=ORIENTED_EDGE('',*,*,#552,.T.);
#344=ORIENTED_EDGE('',*,*,#546,.F.);
#345=ORIENTED_EDGE('',*,*,#550,.T.);
#346=ORIENTED_EDGE('',*,*,#553,.T.);
#347=ORIENTED_EDGE('',*,*,#555,.F.);
#348=ORIENTED_EDGE('',*,*,#544,.T.);
#349=ORIENTED_EDGE('',*,*,#554,.T.);
#350=ORIENTED_EDGE('',*,*,#551,.F.);
#351=ORIENTED_EDGE('',*,*,#548,.F.);
#352=ORIENTED_EDGE('',*,*,#556,.F.);
#353=ORIENTED_EDGE('',*,*,#557,.F.);
#354=ORIENTED_EDGE('',*,*,#558,.T.);
#355=ORIENTED_EDGE('',*,*,#559,.T.);
#356=ORIENTED_EDGE('',*,*,#560,.T.);
#357=ORIENTED_EDGE('',*,*,#561,.F.);
#358=ORIENTED_EDGE('',*,*,#562,.F.);
#359=ORIENTED_EDGE('',*,*,#557,.T.);
#360=ORIENTED_EDGE('',*,*,#563,.T.);
#361=ORIENTED_EDGE('',*,*,#564,.F.);
#362=ORIENTED_EDGE('',*,*,#565,.F.);
#363=ORIENTED_EDGE('',*,*,#561,.T.);
#364=ORIENTED_EDGE('',*,*,#566,.F.);
#365=ORIENTED_EDGE('',*,*,#559,.F.);
#366=ORIENTED_EDGE('',*,*,#567,.T.);
#367=ORIENTED_EDGE('',*,*,#564,.T.);
#368=ORIENTED_EDGE('',*,*,#558,.F.);
#369=ORIENTED_EDGE('',*,*,#562,.T.);
#370=ORIENTED_EDGE('',*,*,#565,.T.);
#371=ORIENTED_EDGE('',*,*,#567,.F.);
#372=ORIENTED_EDGE('',*,*,#556,.T.);
#373=ORIENTED_EDGE('',*,*,#566,.T.);
#374=ORIENTED_EDGE('',*,*,#563,.F.);
#375=ORIENTED_EDGE('',*,*,#560,.F.);
#376=ORIENTED_EDGE('',*,*,#568,.F.);
#377=ORIENTED_EDGE('',*,*,#569,.F.);
#378=ORIENTED_EDGE('',*,*,#570,.T.);
#379=ORIENTED_EDGE('',*,*,#571,.T.);
#380=ORIENTED_EDGE('',*,*,#572,.T.);
#381=ORIENTED_EDGE('',*,*,#573,.F.);
#382=ORIENTED_EDGE('',*,*,#574,.F.);
#383=ORIENTED_EDGE('',*,*,#569,.T.);
#384=ORIENTED_EDGE('',*,*,#575,.T.);
#385=ORIENTED_EDGE('',*,*,#576,.F.);
#386=ORIENTED_EDGE('',*,*,#577,.F.);
#387=ORIENTED_EDGE('',*,*,#573,.T.);
#388=ORIENTED_EDGE('',*,*,#578,.F.);
#389=ORIENTED_EDGE('',*,*,#571,.F.);
#390=ORIENTED_EDGE('',*,*,#579,.T.);
#391=ORIENTED_EDGE('',*,*,#576,.T.);
#392=ORIENTED_EDGE('',*,*,#570,.F.);
#393=ORIENTED_EDGE('',*,*,#574,.T.);
#394=ORIENTED_EDGE('',*,*,#577,.T.);
#395=ORIENTED_EDGE('',*,*,#579,.F.);
#396=ORIENTED_EDGE('',*,*,#568,.T.);
#397=ORIENTED_EDGE('',*,*,#578,.T.);
#398=ORIENTED_EDGE('',*,*,#575,.F.);
#399=ORIENTED_EDGE('',*,*,#572,.F.);
#400=EDGE_CURVE('',#580,#581,#700,.T.);
#401=EDGE_CURVE('',#582,#580,#701,.T.);
#402=EDGE_CURVE('',#582,#583,#702,.T.);
#403=EDGE_CURVE('',#583,#581,#703,.T.);
#404=EDGE_CURVE('',#580,#584,#704,.T.);
#405=EDGE_CURVE('',#585,#584,#705,.T.);
#406=EDGE_CURVE('',#582,#585,#706,.T.);
#407=EDGE_CURVE('',#584,#586,#707,.T.);
#408=EDGE_CURVE('',#587,#586,#708,.T.);
#409=EDGE_CURVE('',#585,#587,#709,.T.);
#410=EDGE_CURVE('',#581,#586,#710,.T.);
#411=EDGE_CURVE('',#583,#587,#711,.T.);
#412=EDGE_CURVE('',#588,#589,#712,.T.);
#413=EDGE_CURVE('',#590,#588,#713,.T.);
#414=EDGE_CURVE('',#590,#591,#714,.T.);
#415=EDGE_CURVE('',#591,#589,#715,.T.);
#416=EDGE_CURVE('',#588,#592,#716,.T.);
#417=EDGE_CURVE('',#593,#592,#717,.T.);
#418=EDGE_CURVE('',#590,#593,#718,.T.);
#419=EDGE_CURVE('',#592,#594,#719,.T.);
#420=EDGE_CURVE('',#595,#594,#720,.T.);
#421=EDGE_CURVE('',#593,#595,#721,.T.);
#422=EDGE_CURVE('',#589,#594,#722,.T.);
#423=EDGE_CURVE('',#591,#595,#723,.T.);
#424=EDGE_CURVE('',#596,#597,#724,.T.);
#425=EDGE_CURVE('',#598,#596,#725,.T.);
#426=EDGE_CURVE('',#598,#599,#726,.T.);
#427=EDGE_CURVE('',#599,#597,#727,.T.);
#428=EDGE_CURVE('',#596,#600,#728,.T.);
#429=EDGE_CURVE('',#601,#600,#729,.T.);
#430=EDGE_CURVE('',#598,#601,#730,.T.);
#431=EDGE_CURVE('',#600,#602,#731,.T.);
#432=EDGE_CURVE('',#603,#602,#732,.T.);
#433=EDGE_CURVE('',#601,#603,#733,.T.);
#434=EDGE_CURVE('',#597,#602,#734,.T.);
#435=EDGE_CURVE('',#599,#603,#735,.T.);
#436=EDGE_CURVE('',#604,#605,#736,.T.);
#437=EDGE_CURVE('',#606,#604,#737,.T.);
#438=EDGE_CURVE('',#606,#607,#738,.T.);
#439=EDGE_CURVE('',#607,#605,#739,.T.);
#440=EDGE_CURVE('',#604,#608,#740,.T.);
#441=EDGE_CURVE('',#609,#608,#741,.T.);
#442=EDGE_CURVE('',#606,#609,#742,.T.);
#443=EDGE_CURVE('',#608,#610,#743,.T.);
#444=EDGE_CURVE('',#611,#610,#744,.T.);
#445=EDGE_CURVE('',#609,#611,#745,.T.);
#446=EDGE_CURVE('',#605,#610,#746,.T.);
#447=EDGE_CURVE('',#607,#611,#747,.T.);
#448=EDGE_CURVE('',#612,#613,#748,.T.);
#449=EDGE_CURVE('',#614,#612,#749,.T.);
#450=EDGE_CURVE('',#614,#615,#750,.T.);
#451=EDGE_CURVE('',#615,#613,#751,.T.);
#452=EDGE_CURVE('',#612,#616,#752,.T.);
#453=EDGE_CURVE('',#617,#616,#753,.T.);
#454=EDGE_CURVE('',#614,#617,#754,.T.);
#455=EDGE_CURVE('',#616,#618,#755,.T.);
#456=EDGE_CURVE('',#619,#618,#756,.T.);
#457=EDGE_CURVE('',#617,#619,#757,.T.);
#458=EDGE_CURVE('',#613,#618,#758,.T.);
#459=EDGE_CURVE('',#615,#619,#759,.T.);
#460=EDGE_CURVE('',#620,#621,#760,.T.);
#461=EDGE_CURVE('',#622,#620,#761,.T.);
#462=EDGE_CURVE('',#622,#623,#762,.T.);
#463=EDGE_CURVE('',#623,#621,#763,.T.);
#464=EDGE_CURVE('',#620,#624,#764,.T.);
#465=EDGE_CURVE('',#625,#624,#765,.T.);
#466=EDGE_CURVE('',#622,#625,#766,.T.);
#467=EDGE_CURVE('',#624,#626,#767,.T.);
#468=EDGE_CURVE('',#627,#626,#768,.T.);
#469=EDGE_CURVE('',#625,#627,#769,.T.);
#470=EDGE_CURVE('',#621,#626,#770,.T.);
#471=EDGE_CURVE('',#623,#627,#771,.T.);
#472=EDGE_CURVE('',#628,#629,#772,.T.);
#473=EDGE_CURVE('',#630,#628,#773,.T.);
#474=EDGE_CURVE('',#630,#631,#774,.T.);
#475=EDGE_CURVE('',#631,#629,#775,.T.);
#476=EDGE_CURVE('',#628,#632,#776,.T.);
#477=EDGE_CURVE('',#633,#632,#777,.T.);
#478=EDGE_CURVE('',#630,#633,#778,.T.);
#479=EDGE_CURVE('',#632,#634,#779,.T.);
#480=EDGE_CURVE('',#635,#634,#780,.T.);
#481=EDGE_CURVE('',#633,#635,#781,.T.);
#482=EDGE_CURVE('',#629,#634,#782,.T.);
#483=EDGE_CURVE('',#631,#635,#783,.T.);
#484=EDGE_CURVE('',#636,#637,#784,.T.);
#485=EDGE_CURVE('',#638,#636,#785,.T.);
#486=EDGE_CURVE('',#638,#639,#786,.T.);
#487=EDGE_CURVE('',#639,#637,#787,.T.);
#488=EDGE_CURVE('',#636,#640,#788,.T.);
#489=EDGE_CURVE('',#641,#640,#789,.T.);
#490=EDGE_CURVE('',#638,#641,#790,.T.);
#491=EDGE_CURVE('',#640,#642,#791,.T.);
#492=EDGE_CURVE('',#643,#642,#792,.T.);
#493=EDGE_CURVE('',#641,#643,#793,.T.);
#494=EDGE_CURVE('',#637,#642,#794,.T.);
#495=EDGE_CURVE('',#639,#643,#795,.T.);
#496=EDGE_CURVE('',#644,#645,#796,.T.);
#497=EDGE_CURVE('',#646,#644,#797,.T.);
#498=EDGE_CURVE('',#646,#647,#798,.T.);
#499=EDGE_CURVE('',#647,#645,#799,.T.);
#500=EDGE_CURVE('',#644,#648,#800,.T.);
#501=EDGE_CURVE('',#649,#648,#801,.T.);
#502=EDGE_CURVE('',#646,#649,#802,.T.);
#503=EDGE_CURVE('',#648,#650,#803,.T.);
#504=EDGE_CURVE('',#651,#650,#804,.T.);
#505=EDGE_CURVE('',#649,#651,#805,.T.);
#506=EDGE_CURVE('',#645,#650,#806,.T.);
#507=EDGE_CURVE('',#647,#651,#807,.T.);
#508=EDGE_CURVE('',#652,#653,#808,.T.);
#509=EDGE_CURVE('',#654,#652,#809,.T.);
#510=EDGE_CURVE('',#654,#655,#810,.T.);
#511=EDGE_CURVE('',#655,#653,#811,.T.);
#512=EDGE_CURVE('',#652,#656,#812,.T.);
#513=EDGE_CURVE('',#657,#656,#813,.T.);
#514=EDGE_CURVE('',#654,#657,#814,.T.);
#515=EDGE_CURVE('',#656,#658,#815,.T.);
#516=EDGE_CURVE('',#659,#658,#816,.T.);
#517=EDGE_CURVE('',#657,#659,#817,.T.);
#518=EDGE_CURVE('',#653,#658,#818,.T.);
#519=EDGE_CURVE('',#655,#659,#819,.T.);
#520=EDGE_CURVE('',#660,#661,#820,.T.);
#521=EDGE_CURVE('',#662,#660,#821,.T.);
#522=EDGE_CURVE('',#662,#663,#822,.T.);
#523=EDGE_CURVE('',#663,#661,#823,.T.);
#524=EDGE_CURVE('',#660,#664,#824,.T.);
#525=EDGE_CURVE('',#665,#664,#825,.T.);
#526=EDGE_CURVE('',#662,#665,#826,.T.);
#527=EDGE_CURVE('',#664,#666,#827,.T.);
#528=EDGE_CURVE('',#667,#666,#828,.T.);
#529=EDGE_CURVE('',#665,#667,#829,.T.);
#530=EDGE_CURVE('',#661,#666,#830,.T.);
#531=EDGE_CURVE('',#663,#667,#831,.T.);
#532=EDGE_CURVE('',#668,#669,#832,.T.);
#533=EDGE_CURVE('',#670,#668,#833,.T.);
#534=EDGE_CURVE('',#670,#671,#834,.T.);
#535=EDGE_CURVE('',#671,#669,#835,.T.);
#536=EDGE_CURVE('',#668,#672,#836,.T.);
#537=EDGE_CURVE('',#673,#672,#837,.T.);
#538=EDGE_CURVE('',#670,#673,#838,.T.);
#539=EDGE_CURVE('',#672,#674,#839,.T.);
#540=EDGE_CURVE('',#675,#674,#840,.T.);
#541=EDGE_CURVE('',#673,#675,#841,.T.);
#542=EDGE_CURVE('',#669,#674,#842,.T.);
#543=EDGE_CURVE('',#671,#675,#843,.T.);
#544=EDGE_CURVE('',#676,#677,#844,.T.);
#545=EDGE_CURVE('',#678,#676,#845,.T.);
#546=EDGE_CURVE('',#678,#679,#846,.T.);
#547=EDGE_CURVE('',#679,#677,#847,.T.);
#548=EDGE_CURVE('',#676,#680,#848,.T.);
#549=EDGE_CURVE('',#681,#680,#849,.T.);
#550=EDGE_CURVE('',#678,#681,#850,.T.);
#551=EDGE_CURVE('',#680,#682,#851,.T.);
#552=EDGE_CURVE('',#683,#682,#852,.T.);
#553=EDGE_CURVE('',#681,#683,#853,.T.);
#554=EDGE_CURVE('',#677,#682,#854,.T.);
#555=EDGE_CURVE('',#679,#683,#855,.T.);
#556=EDGE_CURVE('',#684,#685,#856,.T.);
#557=EDGE_CURVE('',#686,#684,#857,.T.);
#558=EDGE_CURVE('',#686,#687,#858,.T.);
#559=EDGE_CURVE('',#687,#685,#859,.T.);
#560=EDGE_CURVE('',#684,#688,#860,.T.);
#561=EDGE_CURVE('',#689,#688,#861,.T.);
#562=EDGE_CURVE('',#686,#689,#862,.T.);
#563=EDGE_CURVE('',#688,#690,#863,.T.);
#564=EDGE_CURVE('',#691,#690,#864,.T.);
#565=EDGE_CURVE('',#689,#691,#865,.T.);
#566=EDGE_CURVE('',#685,#690,#866,.T.);
#567=EDGE_CURVE('',#687,#691,#867,.T.);
#568=EDGE_CURVE('',#692,#693,#868,.T.);
#569=EDGE_CURVE('',#694,#692,#869,.T.);
#570=EDGE_CURVE('',#694,#695,#870,.T.);
#571=EDGE_CURVE('',#695,#693,#871,.T.);
#572=EDGE_CURVE('',#692,#696,#872,.T.);
#573=EDGE_CURVE('',#697,#696,#873,.T.);
#574=EDGE_CURVE('',#694,#697,#874,.T.);
#575=EDGE_CURVE('',#696,#698,#875,.T.);
#576=EDGE_CURVE('',#699,#698,#876,.T.);
#577=EDGE_CURVE('',#697,#699,#877,.T.);
#578=EDGE_CURVE('',#693,#698,#878,.T.);
#579=EDGE_CURVE('',#695,#699,#879,.T.);
#580=VERTEX_POINT('',#2091);
#581=VERTEX_POINT('',#2092);
#582=VERTEX_POINT('',#2094);
#583=VERTEX_POINT('',#2096);
#584=VERTEX_POINT('',#2100);
#585=VERTEX_POINT('',#2102);
#586=VERTEX_POINT('',#2106);
#587=VERTEX_POINT('',#2108);
#588=VERTEX_POINT('',#2118);
#589=VERTEX_POINT('',#2119);
#590=VERTEX_POINT('',#2121);
#591=VERTEX_POINT('',#2123);
#592=VERTEX_POINT('',#2127);
#593=VERTEX_POINT('',#2129);
#594=VERTEX_POINT('',#2133);
#595=VERTEX_POINT('',#2135);
#596=VERTEX_POINT('',#2145);
#597=VERTEX_POINT('',#2146);
#598=VERTEX_POINT('',#2148);
#599=VERTEX_POINT('',#2150);
#600=VERTEX_POINT('',#2154);
#601=VERTEX_POINT('',#2156);
#602=VERTEX_POINT('',#2160);
#603=VERTEX_POINT('',#2162);
#604=VERTEX_POINT('',#2172);
#605=VERTEX_POINT('',#2173);
#606=VERTEX_POINT('',#2175);
#607=VERTEX_POINT('',#2177);
#608=VERTEX_POINT('',#2181);
#609=VERTEX_POINT('',#2183);
#610=VERTEX_POINT('',#2187);
#611=VERTEX_POINT('',#2189);
#612=VERTEX_POINT('',#2199);
#613=VERTEX_POINT('',#2200);
#614=VERTEX_POINT('',#2202);
#615=VERTEX_POINT('',#2204);
#616=VERTEX_POINT('',#2208);
#617=VERTEX_POINT('',#2210);
#618=VERTEX_POINT('',#2214);
#619=VERTEX_POINT('',#2216);
#620=VERTEX_POINT('',#2226);
#621=VERTEX_POINT('',#2227);
#622=VERTEX_POINT('',#2229);
#623=VERTEX_POINT('',#2231);
#624=VERTEX_POINT('',#2235);
#625=VERTEX_POINT('',#2237);
#626=VERTEX_POINT('',#2241);
#627=VERTEX_POINT('',#2243);
#628=VERTEX_POINT('',#2253);
#629=VERTEX_POINT('',#2254);
#630=VERTEX_POINT('',#2256);
#631=VERTEX_POINT('',#2258);
#632=VERTEX_POINT('',#2262);
#633=VERTEX_POINT('',#2264);
#634=VERTEX_POINT('',#2268);
#635=VERTEX_POINT('',#2270);
#636=VERTEX_POINT('',#2280);
#637=VERTEX_POINT('',#2281);
#638=VERTEX_POINT('',#2283);
#639=VERTEX_POINT('',#2285);
#640=VERTEX_POINT('',#2289);
#641=VERTEX_POINT('',#2291);
#642=VERTEX_POINT('',#2295);
#643=VERTEX_POINT('',#2297);
#644=VERTEX_POINT('',#2307);
#645=VERTEX_POINT('',#2308);
#646=VERTEX_POINT('',#2310);
#647=VERTEX_POINT('',#2312);
#648=VERTEX_POINT('',#2316);
#649=VERTEX_POINT('',#2318);
#650=VERTEX_POINT('',#2322);
#651=VERTEX_POINT('',#2324);
#652=VERTEX_POINT('',#2334);
#653=VERTEX_POINT('',#2335);
#654=VERTEX_POINT('',#2337);
#655=VERTEX_POINT('',#2339);
#656=VERTEX_POINT('',#2343);
#657=VERTEX_POINT('',#2345);
#658=VERTEX_POINT('',#2349);
#659=VERTEX_POINT('',#2351);
#660=VERTEX_POINT('',#2361);
#661=VERTEX_POINT('',#2362);
#662=VERTEX_POINT('',#2364);
#663=VERTEX_POINT('',#2366);
#664=VERTEX_POINT('',#2370);
#665=VERTEX_POINT('',#2372);
#666=VERTEX_POINT('',#2376);
#667=VERTEX_POINT('',#2378);
#668=VERTEX_POINT('',#2388);
#669=VERTEX_POINT('',#2389);
#670=VERTEX_POINT('',#2391);
#671=VERTEX_POINT('',#2393);
#672=VERTEX_POINT('',#2397);
#673=VERTEX_POINT('',#2399);
#674=VERTEX_POINT('',#2403);
#675=VERTEX_POINT('',#2405);
#676=VERTEX_POINT('',#2415);
#677=VERTEX_POINT('',#2416);
#678=VERTEX_POINT('',#2418);
#679=VERTEX_POINT('',#2420);
#680=VERTEX_POINT('',#2424);
#681=VERTEX_POINT('',#2426);
#682=VERTEX_POINT('',#2430);
#683=VERTEX_POINT('',#2432);
#684=VERTEX_POINT('',#2442);
#685=VERTEX_POINT('',#2443);
#686=VERTEX_POINT('',#2445);
#687=VERTEX_POINT('',#2447);
#688=VERTEX_POINT('',#2451);
#689=VERTEX_POINT('',#2453);
#690=VERTEX_POINT('',#2457);
#691=VERTEX_POINT('',#2459);
#692=VERTEX_POINT('',#2469);
#693=VERTEX_POINT('',#2470);
#694=VERTEX_POINT('',#2472);
#695=VERTEX_POINT('',#2474);
#696=VERTEX_POINT('',#2478);
#697=VERTEX_POINT('',#2480);
#698=VERTEX_POINT('',#2484);
#699=VERTEX_POINT('',#2486);
#700=LINE('',#2090,#880);
#701=LINE('',#2093,#881);
#702=LINE('',#2095,#882);
#703=LINE('',#2097,#883);
#704=LINE('',#2099,#884);
#705=LINE('',#2101,#885);
#706=LINE('',#2103,#886);
#707=LINE('',#2105,#887);
#708=LINE('',#2107,#888);
#709=LINE('',#2109,#889);
#710=LINE('',#2111,#890);
#711=LINE('',#2112,#891);
#712=LINE('',#2117,#892);
#713=LINE('',#2120,#893);
#714=LINE('',#2122,#894);
#715=LINE('',#2124,#895);
#716=LINE('',#2126,#896);
#717=LINE('',#2128,#897);
#718=LINE('',#2130,#898);
#719=LINE('',#2132,#899);
#720=LINE('',#2134,#900);
#721=LINE('',#2136,#901);
#722=LINE('',#2138,#902);
#723=LINE('',#2139,#903);
#724=LINE('',#2144,#904);
#725=LINE('',#2147,#905);
#726=LINE('',#2149,#906);
#727=LINE('',#2151,#907);
#728=LINE('',#2153,#908);
#729=LINE('',#2155,#909);
#730=LINE('',#2157,#910);
#731=LINE('',#2159,#911);
#732=LINE('',#2161,#912);
#733=LINE('',#2163,#913);
#734=LINE('',#2165,#914);
#735=LINE('',#2166,#915);
#736=LINE('',#2171,#916);
#737=LINE('',#2174,#917);
#738=LINE('',#2176,#918);
#739=LINE('',#2178,#919);
#740=LINE('',#2180,#920);
#741=LINE('',#2182,#921);
#742=LINE('',#2184,#922);
#743=LINE('',#2186,#923);
#744=LINE('',#2188,#924);
#745=LINE('',#2190,#925);
#746=LINE('',#2192,#926);
#747=LINE('',#2193,#927);
#748=LINE('',#2198,#928);
#749=LINE('',#2201,#929);
#750=LINE('',#2203,#930);
#751=LINE('',#2205,#931);
#752=LINE('',#2207,#932);
#753=LINE('',#2209,#933);
#754=LINE('',#2211,#934);
#755=LINE('',#2213,#935);
#756=LINE('',#2215,#936);
#757=LINE('',#2217,#937);
#758=LINE('',#2219,#938);
#759=LINE('',#2220,#939);
#760=LINE('',#2225,#940);
#761=LINE('',#2228,#941);
#762=LINE('',#2230,#942);
#763=LINE('',#2232,#943);
#764=LINE('',#2234,#944);
#765=LINE('',#2236,#945);
#766=LINE('',#2238,#946);
#767=LINE('',#2240,#947);
#768=LINE('',#2242,#948);
#769=LINE('',#2244,#949);
#770=LINE('',#2246,#950);
#771=LINE('',#2247,#951);
#772=LINE('',#2252,#952);
#773=LINE('',#2255,#953);
#774=LINE('',#2257,#954);
#775=LINE('',#2259,#955);
#776=LINE('',#2261,#956);
#777=LINE('',#2263,#957);
#778=LINE('',#2265,#958);
#779=LINE('',#2267,#959);
#780=LINE('',#2269,#960);
#781=LINE('',#2271,#961);
#782=LINE('',#2273,#962);
#783=LINE('',#2274,#963);
#784=LINE('',#2279,#964);
#785=LINE('',#2282,#965);
#786=LINE('',#2284,#966);
#787=LINE('',#2286,#967);
#788=LINE('',#2288,#968);
#789=LINE('',#2290,#969);
#790=LINE('',#2292,#970);
#791=LINE('',#2294,#971);
#792=LINE('',#2296,#972);
#793=LINE('',#2298,#973);
#794=LINE('',#2300,#974);
#795=LINE('',#2301,#975);
#796=LINE('',#2306,#976);
#797=LINE('',#2309,#977);
#798=LINE('',#2311,#978);
#799=LINE('',#2313,#979);
#800=LINE('',#2315,#980);
#801=LINE('',#2317,#981);
#802=LINE('',#2319,#982);
#803=LINE('',#2321,#983);
#804=LINE('',#2323,#984);
#805=LINE('',#2325,#985);
#806=LINE('',#2327,#986);
#807=LINE('',#2328,#987);
#808=LINE('',#2333,#988);
#809=LINE('',#2336,#989);
#810=LINE('',#2338,#990);
#811=LINE('',#2340,#991);
#812=LINE('',#2342,#992);
#813=LINE('',#2344,#993);
#814=LINE('',#2346,#994);
#815=LINE('',#2348,#995);
#816=LINE('',#2350,#996);
#817=LINE('',#2352,#997);
#818=LINE('',#2354,#998);
#819=LINE('',#2355,#999);
#820=LINE('',#2360,#1000);
#821=LINE('',#2363,#1001);
#822=LINE('',#2365,#1002);
#823=LINE('',#2367,#1003);
#824=LINE('',#2369,#1004);
#825=LINE('',#2371,#1005);
#826=LINE('',#2373,#1006);
#827=LINE('',#2375,#1007);
#828=LINE('',#2377,#1008);
#829=LINE('',#2379,#1009);
#830=LINE('',#2381,#1010);
#831=LINE('',#2382,#1011);
#832=LINE('',#2387,#1012);
#833=LINE('',#2390,#1013);
#834=LINE('',#2392,#1014);
#835=LINE('',#2394,#1015);
#836=LINE('',#2396,#1016);
#837=LINE('',#2398,#1017);
#838=LINE('',#2400,#1018);
#839=LINE('',#2402,#1019);
#840=LINE('',#2404,#1020);
#841=LINE('',#2406,#1021);
#842=LINE('',#2408,#1022);
#843=LINE('',#2409,#1023);
#844=LINE('',#2414,#1024);
#845=LINE('',#2417,#1025);
#846=LINE('',#2419,#1026);
#847=LINE('',#2421,#1027);
#848=LINE('',#2423,#1028);
#849=LINE('',#2425,#1029);
#850=LINE('',#2427,#1030);
#851=LINE('',#2429,#1031);
#852=LINE('',#2431,#1032);
#853=LINE('',#2433,#1033);
#854=LINE('',#2435,#1034);
#855=LINE('',#2436,#1035);
#856=LINE('',#2441,#1036);
#857=LINE('',#2444,#1037);
#858=LINE('',#2446,#1038);
#859=LINE('',#2448,#1039);
#860=LINE('',#2450,#1040);
#861=LINE('',#2452,#1041);
#862=LINE('',#2454,#1042);
#863=LINE('',#2456,#1043);
#864=LINE('',#2458,#1044);
#865=LINE('',#2460,#1045);
#866=LINE('',#2462,#1046);
#867=LINE('',#2463,#1047);
#868=LINE('',#2468,#1048);
#869=LINE('',#2471,#1049);
#870=LINE('',#2473,#1050);
#871=LINE('',#2475,#1051);
#872=LINE('',#2477,#1052);
#873=LINE('',#2479,#1053);
#874=LINE('',#2481,#1054);
#875=LINE('',#2483,#1055);
#876=LINE('',#2485,#1056);
#877=LINE('',#2487,#1057);
#878=LINE('',#2489,#1058);
#879=LINE('',#2490,#1059);
#880=VECTOR('',#1702,1.);
#881=VECTOR('',#1703,1.);
#882=VECTOR('',#1704,1.);
#883=VECTOR('',#1705,1.);
#884=VECTOR('',#1708,1.);
#885=VECTOR('',#1709,1.);
#886=VECTOR('',#1710,1.);
#887=VECTOR('',#1713,1.);
#888=VECTOR('',#1714,1.);
#889=VECTOR('',#1715,1.);
#890=VECTOR('',#1718,1.);
#891=VECTOR('',#1719,1.);
#892=VECTOR('',#1728,1.);
#893=VECTOR('',#1729,1.);
#894=VECTOR('',#1730,1.);
#895=VECTOR('',#1731,1.);
#896=VECTOR('',#1734,1.);
#897=VECTOR('',#1735,1.);
#898=VECTOR('',#1736,1.);
#899=VECTOR('',#1739,1.);
#900=VECTOR('',#1740,1.);
#901=VECTOR('',#1741,1.);
#902=VECTOR('',#1744,1.);
#903=VECTOR('',#1745,1.);
#904=VECTOR('',#1754,1.);
#905=VECTOR('',#1755,1.);
#906=VECTOR('',#1756,1.);
#907=VECTOR('',#1757,1.);
#908=VECTOR('',#1760,1.);
#909=VECTOR('',#1761,1.);
#910=VECTOR('',#1762,1.);
#911=VECTOR('',#1765,1.);
#912=VECTOR('',#1766,1.);
#913=VECTOR('',#1767,1.);
#914=VECTOR('',#1770,1.);
#915=VECTOR('',#1771,1.);
#916=VECTOR('',#1780,1.);
#917=VECTOR('',#1781,1.);
#918=VECTOR('',#1782,1.);
#919=VECTOR('',#1783,1.);
#920=VECTOR('',#1786,1.);
#921=VECTOR('',#1787,1.);
#922=VECTOR('',#1788,1.);
#923=VECTOR('',#1791,1.);
#924=VECTOR('',#1792,1.);
#925=VECTOR('',#1793,1.);
#926=VECTOR('',#1796,1.);
#927=VECTOR('',#1797,1.);
#928=VECTOR('',#1806,1.);
#929=VECTOR('',#1807,1.);
#930=VECTOR('',#1808,1.);
#931=VECTOR('',#1809,1.);
#932=VECTOR('',#1812,1.);
#933=VECTOR('',#1813,1.);
#934=VECTOR('',#1814,1.);
#935=VECTOR('',#1817,1.);
#936=VECTOR('',#1818,1.);
#937=VECTOR('',#1819,1.);
#938=VECTOR('',#1822,1.);
#939=VECTOR('',#1823,1.);
#940=VECTOR('',#1832,1.);
#941=VECTOR('',#1833,1.);
#942=VECTOR('',#1834,1.);
#943=VECTOR('',#1835,1.);
#944=VECTOR('',#1838,1.);
#945=VECTOR('',#1839,1.);
#946=VECTOR('',#1840,1.);
#947=VECTOR('',#1843,1.);
#948=VECTOR('',#1844,1.);
#949=VECTOR('',#1845,1.);
#950=VECTOR('',#1848,1.);
#951=VECTOR('',#1849,1.);
#952=VECTOR('',#1858,1.);
#953=VECTOR('',#1859,1.);
#954=VECTOR('',#1860,1.);
#955=VECTOR('',#1861,1.);
#956=VECTOR('',#1864,1.);
#957=VECTOR('',#1865,1.);
#958=VECTOR('',#1866,1.);
#959=VECTOR('',#1869,1.);
#960=VECTOR('',#1870,1.);
#961=VECTOR('',#1871,1.);
#962=VECTOR('',#1874,1.);
#963=VECTOR('',#1875,1.);
#964=VECTOR('',#1884,1.);
#965=VECTOR('',#1885,1.);
#966=VECTOR('',#1886,1.);
#967=VECTOR('',#1887,1.);
#968=VECTOR('',#1890,1.);
#969=VECTOR('',#1891,1.);
#970=VECTOR('',#1892,1.);
#971=VECTOR('',#1895,1.);
#972=VECTOR('',#1896,1.);
#973=VECTOR('',#1897,1.);
#974=VECTOR('',#1900,1.);
#975=VECTOR('',#1901,1.);
#976=VECTOR('',#1910,1.);
#977=VECTOR('',#1911,1.);
#978=VECTOR('',#1912,1.);
#979=VECTOR('',#1913,1.);
#980=VECTOR('',#1916,1.);
#981=VECTOR('',#1917,1.);
#982=VECTOR('',#1918,1.);
#983=VECTOR('',#1921,1.);
#984=VECTOR('',#1922,1.);
#985=VECTOR('',#1923,1.);
#986=VECTOR('',#1926,1.);
#987=VECTOR('',#1927,1.);
#988=VECTOR('',#1936,1.);
#989=VECTOR('',#1937,1.);
#990=VECTOR('',#1938,1.);
#991=VECTOR('',#1939,1.);
#992=VECTOR('',#1942,1.);
#993=VECTOR('',#1943,1.);
#994=VECTOR('',#1944,1.);
#995=VECTOR('',#1947,1.);
#996=VECTOR('',#1948,1.);
#997=VECTOR('',#1949,1.);
#998=VECTOR('',#1952,1.);
#999=VECTOR('',#1953,1.);
#1000=VECTOR('',#1962,1.);
#1001=VECTOR('',#1963,1.);
#1002=VECTOR('',#1964,1.);
#1003=VECTOR('',#1965,1.);
#1004=VECTOR('',#1968,1.);
#1005=VECTOR('',#1969,1.);
#1006=VECTOR('',#1970,1.);
#1007=VECTOR('',#1973,1.);
#1008=VECTOR('',#1974,1.);
#1009=VECTOR('',#1975,1.);
#1010=VECTOR('',#1978,1.);
#1011=VECTOR('',#1979,1.);
#1012=VECTOR('',#1988,1.);
#1013=VECTOR('',#1989,1.);
#1014=VECTOR('',#1990,1.);
#1015=VECTOR('',#1991,1.);
#1016=VECTOR('',#1994,1.);
#1017=VECTOR('',#1995,1.);
#1018=VECTOR('',#1996,1.);
#1019=VECTOR('',#1999,1.);
#1020=VECTOR('',#2000,1.);
#1021=VECTOR('',#2001,1.);
#1022=VECTOR('',#2004,1.);
#1023=VECTOR('',#2005,1.);
#1024=VECTOR('',#2014,1.);
#1025=VECTOR('',#2015,1.);
#1026=VECTOR('',#2016,1.);
#1027=VECTOR('',#2017,1.);
#1028=VECTOR('',#2020,1.);
#1029=VECTOR('',#2021,1.);
#1030=VECTOR('',#2022,1.);
#1031=VECTOR('',#2025,1.);
#1032=VECTOR('',#2026,1.);
#1033=VECTOR('',#2027,1.);
#1034=VECTOR('',#2030,1.);
#1035=VECTOR('',#2031,1.);
#1036=VECTOR('',#2040,1.);
#1037=VECTOR('',#2041,1.);
#1038=VECTOR('',#2042,1.);
#1039=VECTOR('',#2043,1.);
#1040=VECTOR('',#2046,1.);
#1041=VECTOR('',#2047,1.);
#1042=VECTOR('',#2048,1.);
#1043=VECTOR('',#2051,1.);
#1044=VECTOR('',#2052,1.);
#1045=VECTOR('',#2053,1.);
#1046=VECTOR('',#2056,1.);
#1047=VECTOR('',#2057,1.);
#1048=VECTOR('',#2066,1.);
#1049=VECTOR('',#2067,1.);
#1050=VECTOR('',#2068,1.);
#1051=VECTOR('',#2069,1.);
#1052=VECTOR('',#2072,1.);
#1053=VECTOR('',#2073,1.);
#1054=VECTOR('',#2074,1.);
#1055=VECTOR('',#2077,1.);
#1056=VECTOR('',#2078,1.);
#1057=VECTOR('',#2079,1.);
#1058=VECTOR('',#2082,1.);
#1059=VECTOR('',#2083,1.);
#1060=EDGE_LOOP('',(#40,#41,#42,#43));
#1061=EDGE_LOOP('',(#44,#45,#46,#47));
#1062=EDGE_LOOP('',(#48,#49,#50,#51));
#1063=EDGE_LOOP('',(#52,#53,#54,#55));
#1064=EDGE_LOOP('',(#56,#57,#58,#59));
#1065=EDGE_LOOP('',(#60,#61,#62,#63));
#1066=EDGE_LOOP('',(#64,#65,#66,#67));
#1067=EDGE_LOOP('',(#68,#69,#70,#71));
#1068=EDGE_LOOP('',(#72,#73,#74,#75));
#1069=EDGE_LOOP('',(#76,#77,#78,#79));
#1070=EDGE_LOOP('',(#80,#81,#82,#83));
#1071=EDGE_LOOP('',(#84,#85,#86,#87));
#1072=EDGE_LOOP('',(#88,#89,#90,#91));
#1073=EDGE_LOOP('',(#92,#93,#94,#95));
#1074=EDGE_LOOP('',(#96,#97,#98,#99));
#1075=EDGE_LOOP('',(#100,#101,#102,#103));
#1076=EDGE_LOOP('',(#104,#105,#106,#107));
#1077=EDGE_LOOP('',(#108,#109,#110,#111));
#1078=EDGE_LOOP('',(#112,#113,#114,#115));
#1079=EDGE_LOOP('',(#116,#117,#118,#119));
#1080=EDGE_LOOP('',(#120,#121,#122,#123));
#1081=EDGE_LOOP('',(#124,#125,#126,#127));
#1082=EDGE_LOOP('',(#128,#129,#130,#131));
#1083=EDGE_LOOP('',(#132,#133,#134,#135));
#1084=EDGE_LOOP('',(#136,#137,#138,#139));
#1085=EDGE_LOOP('',(#140,#141,#142,#143));
#1086=EDGE_LOOP('',(#144,#145,#146,#147));
#1087=EDGE_LOOP('',(#148,#149,#150,#151));
#1088=EDGE_LOOP('',(#152,#153,#154,#155));
#1089=EDGE_LOOP('',(#156,#157,#158,#159));
#1090=EDGE_LOOP('',(#160,#161,#162,#163));
#1091=EDGE_LOOP('',(#164,#165,#166,#167));
#1092=EDGE_LOOP('',(#168,#169,#170,#171));
#1093=EDGE_LOOP('',(#172,#173,#174,#175));
#1094=EDGE_LOOP('',(#176,#177,#178,#179));
#1095=EDGE_LOOP('',(#180,#181,#182,#183));
#1096=EDGE_LOOP('',(#184,#185,#186,#187));
#1097=EDGE_LOOP('',(#188,#189,#190,#191));
#1098=EDGE_LOOP('',(#192,#193,#194,#195));
#1099=EDGE_LOOP('',(#196,#197,#198,#199));
#1100=EDGE_LOOP('',(#200,#201,#202,#203));
#1101=EDGE_LOOP('',(#204,#205,#206,#207));
#1102=EDGE_LOOP('',(#208,#209,#210,#211));
#1103=EDGE_LOOP('',(#212,#213,#214,#215));
#1104=EDGE_LOOP('',(#216,#217,#218,#219));
#1105=EDGE_LOOP('',(#220,#221,#222,#223));
#1106=EDGE_LOOP('',(#224,#225,#226,#227));
#1107=EDGE_LOOP('',(#228,#229,#230,#231));
#1108=EDGE_LOOP('',(#232,#233,#234,#235));
#1109=EDGE_LOOP('',(#236,#237,#238,#239));
#1110=EDGE_LOOP('',(#240,#241,#242,#243));
#1111=EDGE_LOOP('',(#244,#245,#246,#247));
#1112=EDGE_LOOP('',(#248,#249,#250,#251));
#1113=EDGE_LOOP('',(#252,#253,#254,#255));
#1114=EDGE_LOOP('',(#256,#257,#258,#259));
#1115=EDGE_LOOP('',(#260,#261,#262,#263));
#1116=EDGE_LOOP('',(#264,#265,#266,#267));
#1117=EDGE_LOOP('',(#268,#269,#270,#271));
#1118=EDGE_LOOP('',(#272,#273,#274,#275));
#1119=EDGE_LOOP('',(#276,#277,#278,#279));
#1120=EDGE_LOOP('',(#280,#281,#282,#283));
#1121=EDGE_LOOP('',(#284,#285,#286,#287));
#1122=EDGE_LOOP('',(#288,#289,#290,#291));
#1123=EDGE_LOOP('',(#292,#293,#294,#295));
#1124=EDGE_LOOP('',(#296,#297,#298,#299));
#1125=EDGE_LOOP('',(#300,#301,#302,#303));
#1126=EDGE_LOOP('',(#304,#305,#306,#307));
#1127=EDGE_LOOP('',(#308,#309,#310,#311));
#1128=EDGE_LOOP('',(#312,#313,#314,#315));
#1129=EDGE_LOOP('',(#316,#317,#318,#319));
#1130=EDGE_LOOP('',(#320,#321,#322,#323));
#1131=EDGE_LOOP('',(#324,#325,#326,#327));
#1132=EDGE_LOOP('',(#328,#329,#330,#331));
#1133=EDGE_LOOP('',(#332,#333,#334,#335));
#1134=EDGE_LOOP('',(#336,#337,#338,#339));
#1135=EDGE_LOOP('',(#340,#341,#342,#343));
#1136=EDGE_LOOP('',(#344,#345,#346,#347));
#1137=EDGE_LOOP('',(#348,#349,#350,#351));
#1138=EDGE_LOOP('',(#352,#353,#354,#355));
#1139=EDGE_LOOP('',(#356,#357,#358,#359));
#1140=EDGE_LOOP('',(#360,#361,#362,#363));
#1141=EDGE_LOOP('',(#364,#365,#366,#367));
#1142=EDGE_LOOP('',(#368,#369,#370,#371));
#1143=EDGE_LOOP('',(#372,#373,#374,#375));
#1144=EDGE_LOOP('',(#376,#377,#378,#379));
#1145=EDGE_LOOP('',(#380,#381,#382,#383));
#1146=EDGE_LOOP('',(#384,#385,#386,#387));
#1147=EDGE_LOOP('',(#388,#389,#390,#391));
#1148=EDGE_LOOP('',(#392,#393,#394,#395));
#1149=EDGE_LOOP('',(#396,#397,#398,#399));
#1150=FACE_BOUND('',#1060,.T.);
#1151=FACE_BOUND('',#1061,.T.);
#1152=FACE_BOUND('',#1062,.T.);
#1153=FACE_BOUND('',#1063,.T.);
#1154=FACE_BOUND('',#1064,.T.);
#1155=FACE_BOUND('',#1065,.T.);
#1156=FACE_BOUND('',#1066,.T.);
#1157=FACE_BOUND('',#1067,.T.);
#1158=FACE_BOUND('',#1068,.T.);
#1159=FACE_BOUND('',#1069,.T.);
#1160=FACE_BOUND('',#1070,.T.);
#1161=FACE_BOUND('',#1071,.T.);
#1162=FACE_BOUND('',#1072,.T.);
#1163=FACE_BOUND('',#1073,.T.);
#1164=FACE_BOUND('',#1074,.T.);
#1165=FACE_BOUND('',#1075,.T.);
#1166=FACE_BOUND('',#1076,.T.);
#1167=FACE_BOUND('',#1077,.T.);
#1168=FACE_BOUND('',#1078,.T.);
#1169=FACE_BOUND('',#1079,.T.);
#1170=FACE_BOUND('',#1080,.T.);
#1171=FACE_BOUND('',#1081,.T.);
#1172=FACE_BOUND('',#1082,.T.);
#1173=FACE_BOUND('',#1083,.T.);
#1174=FACE_BOUND('',#1084,.T.);
#1175=FACE_BOUND('',#1085,.T.);
#1176=FACE_BOUND('',#1086,.T.);
#1177=FACE_BOUND('',#1087,.T.);
#1178=FACE_BOUND('',#1088,.T.);
#1179=FACE_BOUND('',#1089,.T.);
#1180=FACE_BOUND('',#1090,.T.);
#1181=FACE_BOUND('',#1091,.T.);
#1182=FACE_BOUND('',#1092,.T.);
#1183=FACE_BOUND('',#1093,.T.);
#1184=FACE_BOUND('',#1094,.T.);
#1185=FACE_BOUND('',#1095,.T.);
#1186=FACE_BOUND('',#1096,.T.);
#1187=FACE_BOUND('',#1097,.T.);
#1188=FACE_BOUND('',#1098,.T.);
#1189=FACE_BOUND('',#1099,.T.);
#1190=FACE_BOUND('',#1100,.T.);
#1191=FACE_BOUND('',#1101,.T.);
#1192=FACE_BOUND('',#1102,.T.);
#1193=FACE_BOUND('',#1103,.T.);
#1194=FACE_BOUND('',#1104,.T.);
#1195=FACE_BOUND('',#1105,.T.);
#1196=FACE_BOUND('',#1106,.T.);
#1197=FACE_BOUND('',#1107,.T.);
#1198=FACE_BOUND('',#1108,.T.);
#1199=FACE_BOUND('',#1109,.T.);
#1200=FACE_BOUND('',#1110,.T.);
#1201=FACE_BOUND('',#1111,.T.);
#1202=FACE_BOUND('',#1112,.T.);
#1203=FACE_BOUND('',#1113,.T.);
#1204=FACE_BOUND('',#1114,.T.);
#1205=FACE_BOUND('',#1115,.T.);
#1206=FACE_BOUND('',#1116,.T.);
#1207=FACE_BOUND('',#1117,.T.);
#1208=FACE_BOUND('',#1118,.T.);
#1209=FACE_BOUND('',#1119,.T.);
#1210=FACE_BOUND('',#1120,.T.);
#1211=FACE_BOUND('',#1121,.T.);
#1212=FACE_BOUND('',#1122,.T.);
#1213=FACE_BOUND('',#1123,.T.);
#1214=FACE_BOUND('',#1124,.T.);
#1215=FACE_BOUND('',#1125,.T.);
#1216=FACE_BOUND('',#1126,.T.);
#1217=FACE_BOUND('',#1127,.T.);
#1218=FACE_BOUND('',#1128,.T.);
#1219=FACE_BOUND('',#1129,.T.);
#1220=FACE_BOUND('',#1130,.T.);
#1221=FACE_BOUND('',#1131,.T.);
#1222=FACE_BOUND('',#1132,.T.);
#1223=FACE_BOUND('',#1133,.T.);
#1224=FACE_BOUND('',#1134,.T.);
#1225=FACE_BOUND('',#1135,.T.);
#1226=FACE_BOUND('',#1136,.T.);
#1227=FACE_BOUND('',#1137,.T.);
#1228=FACE_BOUND('',#1138,.T.);
#1229=FACE_BOUND('',#1139,.T.);
#1230=FACE_BOUND('',#1140,.T.);
#1231=FACE_BOUND('',#1141,.T.);
#1232=FACE_BOUND('',#1142,.T.);
#1233=FACE_BOUND('',#1143,.T.);
#1234=FACE_BOUND('',#1144,.T.);
#1235=FACE_BOUND('',#1145,.T.);
#1236=FACE_BOUND('',#1146,.T.);
#1237=FACE_BOUND('',#1147,.T.);
#1238=FACE_BOUND('',#1148,.T.);
#1239=FACE_BOUND('',#1149,.T.);
#1240=PLANE('',#1594);
#1241=PLANE('',#1595);
#1242=PLANE('',#1596);
#1243=PLANE('',#1597);
#1244=PLANE('',#1598);
#1245=PLANE('',#1599);
#1246=PLANE('',#1601);
#1247=PLANE('',#1602);
#1248=PLANE('',#1603);
#1249=PLANE('',#1604);
#1250=PLANE('',#1605);
#1251=PLANE('',#1606);
#1252=PLANE('',#1608);
#1253=PLANE('',#1609);
#1254=PLANE('',#1610);
#1255=PLANE('',#1611);
#1256=PLANE('',#1612);
#1257=PLANE('',#1613);
#1258=PLANE('',#1615);
#1259=PLANE('',#1616);
#1260=PLANE('',#1617);
#1261=PLANE('',#1618);
#1262=PLANE('',#1619);
#1263=PLANE('',#1620);
#1264=PLANE('',#1622);
#1265=PLANE('',#1623);
#1266=PLANE('',#1624);
#1267=PLANE('',#1625);
#1268=PLANE('',#1626);
#1269=PLANE('',#1627);
#1270=PLANE('',#1629);
#1271=PLANE('',#1630);
#1272=PLANE('',#1631);
#1273=PLANE('',#1632);
#1274=PLANE('',#1633);
#1275=PLANE('',#1634);
#1276=PLANE('',#1636);
#1277=PLANE('',#1637);
#1278=PLANE('',#1638);
#1279=PLANE('',#1639);
#1280=PLANE('',#1640);
#1281=PLANE('',#1641);
#1282=PLANE('',#1643);
#1283=PLANE('',#1644);
#1284=PLANE('',#1645);
#1285=PLANE('',#1646);
#1286=PLANE('',#1647);
#1287=PLANE('',#1648);
#1288=PLANE('',#1650);
#1289=PLANE('',#1651);
#1290=PLANE('',#1652);
#1291=PLANE('',#1653);
#1292=PLANE('',#1654);
#1293=PLANE('',#1655);
#1294=PLANE('',#1657);
#1295=PLANE('',#1658);
#1296=PLANE('',#1659);
#1297=PLANE('',#1660);
#1298=PLANE('',#1661);
#1299=PLANE('',#1662);
#1300=PLANE('',#1664);
#1301=PLANE('',#1665);
#1302=PLANE('',#1666);
#1303=PLANE('',#1667);
#1304=PLANE('',#1668);
#1305=PLANE('',#1669);
#1306=PLANE('',#1671);
#1307=PLANE('',#1672);
#1308=PLANE('',#1673);
#1309=PLANE('',#1674);
#1310=PLANE('',#1675);
#1311=PLANE('',#1676);
#1312=PLANE('',#1678);
#1313=PLANE('',#1679);
#1314=PLANE('',#1680);
#1315=PLANE('',#1681);
#1316=PLANE('',#1682);
#1317=PLANE('',#1683);
#1318=PLANE('',#1685);
#1319=PLANE('',#1686);
#1320=PLANE('',#1687);
#1321=PLANE('',#1688);
#1322=PLANE('',#1689);
#1323=PLANE('',#1690);
#1324=PLANE('',#1692);
#1325=PLANE('',#1693);
#1326=PLANE('',#1694);
#1327=PLANE('',#1695);
#1328=PLANE('',#1696);
#1329=PLANE('',#1697);
#1330=ADVANCED_FACE('',(#1150),#1240,.T.);
#1331=ADVANCED_FACE('',(#1151),#1241,.F.);
#1332=ADVANCED_FACE('',(#1152),#1242,.F.);
#1333=ADVANCED_FACE('',(#1153),#1243,.T.);
#1334=ADVANCED_FACE('',(#1154),#1244,.T.);
#1335=ADVANCED_FACE('',(#1155),#1245,.F.);
#1336=ADVANCED_FACE('',(#1156),#1246,.T.);
#1337=ADVANCED_FACE('',(#1157),#1247,.F.);
#1338=ADVANCED_FACE('',(#1158),#1248,.F.);
#1339=ADVANCED_FACE('',(#1159),#1249,.T.);
#1340=ADVANCED_FACE('',(#1160),#1250,.T.);
#1341=ADVANCED_FACE('',(#1161),#1251,.F.);
#1342=ADVANCED_FACE('',(#1162),#1252,.T.);
#1343=ADVANCED_FACE('',(#1163),#1253,.F.);
#1344=ADVANCED_FACE('',(#1164),#1254,.F.);
#1345=ADVANCED_FACE('',(#1165),#1255,.T.);
#1346=ADVANCED_FACE('',(#1166),#1256,.T.);
#1347=ADVANCED_FACE('',(#1167),#1257,.F.);
#1348=ADVANCED_FACE('',(#1168),#1258,.T.);
#1349=ADVANCED_FACE('',(#1169),#1259,.F.);
#1350=ADVANCED_FACE('',(#1170),#1260,.F.);
#1351=ADVANCED_FACE('',(#1171),#1261,.T.);
#1352=ADVANCED_FACE('',(#1172),#1262,.T.);
#1353=ADVANCED_FACE('',(#1173),#1263,.F.);
#1354=ADVANCED_FACE('',(#1174),#1264,.T.);
#1355=ADVANCED_FACE('',(#1175),#1265,.F.);
#1356=ADVANCED_FACE('',(#1176),#1266,.F.);
#1357=ADVANCED_FACE('',(#1177),#1267,.T.);
#1358=ADVANCED_FACE('',(#1178),#1268,.T.);
#1359=ADVANCED_FACE('',(#1179),#1269,.F.);
#1360=ADVANCED_FACE('',(#1180),#1270,.T.);
#1361=ADVANCED_FACE('',(#1181),#1271,.F.);
#1362=ADVANCED_FACE('',(#1182),#1272,.F.);
#1363=ADVANCED_FACE('',(#1183),#1273,.T.);
#1364=ADVANCED_FACE('',(#1184),#1274,.T.);
#1365=ADVANCED_FACE('',(#1185),#1275,.F.);
#1366=ADVANCED_FACE('',(#1186),#1276,.T.);
#1367=ADVANCED_FACE('',(#1187),#1277,.F.);
#1368=ADVANCED_FACE('',(#1188),#1278,.F.);
#1369=ADVANCED_FACE('',(#1189),#1279,.T.);
#1370=ADVANCED_FACE('',(#1190),#1280,.T.);
#1371=ADVANCED_FACE('',(#1191),#1281,.F.);
#1372=ADVANCED_FACE('',(#1192),#1282,.T.);
#1373=ADVANCED_FACE('',(#1193),#1283,.F.);
#1374=ADVANCED_FACE('',(#1194),#1284,.F.);
#1375=ADVANCED_FACE('',(#1195),#1285,.T.);
#1376=ADVANCED_FACE('',(#1196),#1286,.T.);
#1377=ADVANCED_FACE('',(#1197),#1287,.F.);
#1378=ADVANCED_FACE('',(#1198),#1288,.T.);
#1379=ADVANCED_FACE('',(#1199),#1289,.F.);
#1380=ADVANCED_FACE('',(#1200),#1290,.F.);
#1381=ADVANCED_FACE('',(#1201),#1291,.T.);
#1382=ADVANCED_FACE('',(#1202),#1292,.T.);
#1383=ADVANCED_FACE('',(#1203),#1293,.F.);
#1384=ADVANCED_FACE('',(#1204),#1294,.T.);
#1385=ADVANCED_FACE('',(#1205),#1295,.F.);
#1386=ADVANCED_FACE('',(#1206),#1296,.F.);
#1387=ADVANCED_FACE('',(#1207),#1297,.T.);
#1388=ADVANCED_FACE('',(#1208),#1298,.T.);
#1389=ADVANCED_FACE('',(#1209),#1299,.F.);
#1390=ADVANCED_FACE('',(#1210),#1300,.T.);
#1391=ADVANCED_FACE('',(#1211),#1301,.F.);
#1392=ADVANCED_FACE('',(#1212),#1302,.F.);
#1393=ADVANCED_FACE('',(#1213),#1303,.T.);
#1394=ADVANCED_FACE('',(#1214),#1304,.T.);
#1395=ADVANCED_FACE('',(#1215),#1305,.F.);
#1396=ADVANCED_FACE('',(#1216),#1306,.T.);
#1397=ADVANCED_FACE('',(#1217),#1307,.F.);
#1398=ADVANCED_FACE('',(#1218),#1308,.F.);
#1399=ADVANCED_FACE('',(#1219),#1309,.T.);
#1400=ADVANCED_FACE('',(#1220),#1310,.T.);
#1401=ADVANCED_FACE('',(#1221),#1311,.F.);
#1402=ADVANCED_FACE('',(#1222),#1312,.T.);
#1403=ADVANCED_FACE('',(#1223),#1313,.F.);
#1404=ADVANCED_FACE('',(#1224),#1314,.F.);
#1405=ADVANCED_FACE('',(#1225),#1315,.T.);
#1406=ADVANCED_FACE('',(#1226),#1316,.T.);
#1407=ADVANCED_FACE('',(#1227),#1317,.F.);
#1408=ADVANCED_FACE('',(#1228),#1318,.T.);
#1409=ADVANCED_FACE('',(#1229),#1319,.F.);
#1410=ADVANCED_FACE('',(#1230),#1320,.F.);
#1411=ADVANCED_FACE('',(#1231),#1321,.T.);
#1412=ADVANCED_FACE('',(#1232),#1322,.T.);
#1413=ADVANCED_FACE('',(#1233),#1323,.F.);
#1414=ADVANCED_FACE('',(#1234),#1324,.T.);
#1415=ADVANCED_FACE('',(#1235),#1325,.F.);
#1416=ADVANCED_FACE('',(#1236),#1326,.F.);
#1417=ADVANCED_FACE('',(#1237),#1327,.T.);
#1418=ADVANCED_FACE('',(#1238),#1328,.T.);
#1419=ADVANCED_FACE('',(#1239),#1329,.F.);
#1420=CLOSED_SHELL('',(#1330,#1331,#1332,#1333,#1334,#1335));
#1421=CLOSED_SHELL('',(#1336,#1337,#1338,#1339,#1340,#1341));
#1422=CLOSED_SHELL('',(#1342,#1343,#1344,#1345,#1346,#1347));
#1423=CLOSED_SHELL('',(#1348,#1349,#1350,#1351,#1352,#1353));
#1424=CLOSED_SHELL('',(#1354,#1355,#1356,#1357,#1358,#1359));
#1425=CLOSED_SHELL('',(#1360,#1361,#1362,#1363,#1364,#1365));
#1426=CLOSED_SHELL('',(#1366,#1367,#1368,#1369,#1370,#1371));
#1427=CLOSED_SHELL('',(#1372,#1373,#1374,#1375,#1376,#1377));
#1428=CLOSED_SHELL('',(#1378,#1379,#1380,#1381,#1382,#1383));
#1429=CLOSED_SHELL('',(#1384,#1385,#1386,#1387,#1388,#1389));
#1430=CLOSED_SHELL('',(#1390,#1391,#1392,#1393,#1394,#1395));
#1431=CLOSED_SHELL('',(#1396,#1397,#1398,#1399,#1400,#1401));
#1432=CLOSED_SHELL('',(#1402,#1403,#1404,#1405,#1406,#1407));
#1433=CLOSED_SHELL('',(#1408,#1409,#1410,#1411,#1412,#1413));
#1434=CLOSED_SHELL('',(#1414,#1415,#1416,#1417,#1418,#1419));
#1435=STYLED_ITEM('',(#1450),#1548);
#1436=STYLED_ITEM('',(#1451),#1549);
#1437=STYLED_ITEM('',(#1452),#1550);
#1438=STYLED_ITEM('',(#1453),#1551);
#1439=STYLED_ITEM('',(#1454),#1552);
#1440=STYLED_ITEM('',(#1455),#1553);
#1441=STYLED_ITEM('',(#1456),#1554);
#1442=STYLED_ITEM('',(#1457),#1555);
#1443=STYLED_ITEM('',(#1458),#1556);
#1444=STYLED_ITEM('',(#1459),#1557);
#1445=STYLED_ITEM('',(#1460),#1558);
#1446=STYLED_ITEM('',(#1461),#1559);
#1447=STYLED_ITEM('',(#1462),#1560);
#1448=STYLED_ITEM('',(#1463),#1561);
#1449=STYLED_ITEM('',(#1464),#1562);
#1450=PRESENTATION_STYLE_ASSIGNMENT((#1465));
#1451=PRESENTATION_STYLE_ASSIGNMENT((#1466));
#1452=PRESENTATION_STYLE_ASSIGNMENT((#1467));
#1453=PRESENTATION_STYLE_ASSIGNMENT((#1468));
#1454=PRESENTATION_STYLE_ASSIGNMENT((#1469));
#1455=PRESENTATION_STYLE_ASSIGNMENT((#1470));
#1456=PRESENTATION_STYLE_ASSIGNMENT((#1471));
#1457=PRESENTATION_STYLE_ASSIGNMENT((#1472));
#1458=PRESENTATION_STYLE_ASSIGNMENT((#1473));
#1459=PRESENTATION_STYLE_ASSIGNMENT((#1474));
#1460=PRESENTATION_STYLE_ASSIGNMENT((#1475));
#1461=PRESENTATION_STYLE_ASSIGNMENT((#1476));
#1462=PRESENTATION_STYLE_ASSIGNMENT((#1477));
#1463=PRESENTATION_STYLE_ASSIGNMENT((#1478));
#1464=PRESENTATION_STYLE_ASSIGNMENT((#1479));
#1465=SURFACE_STYLE_USAGE(.BOTH.,#1480);
#1466=SURFACE_STYLE_USAGE(.BOTH.,#1481);
#1467=SURFACE_STYLE_USAGE(.BOTH.,#1482);
#1468=SURFACE_STYLE_USAGE(.BOTH.,#1483);
#1469=SURFACE_STYLE_USAGE(.BOTH.,#1484);
#1470=SURFACE_STYLE_USAGE(.BOTH.,#1485);
#1471=SURFACE_STYLE_USAGE(.BOTH.,#1486);
#1472=SURFACE_STYLE_USAGE(.BOTH.,#1487);
#1473=SURFACE_STYLE_USAGE(.BOTH.,#1488);
#1474=SURFACE_STYLE_USAGE(.BOTH.,#1489);
#1475=SURFACE_STYLE_USAGE(.BOTH.,#1490);
#1476=SURFACE_STYLE_USAGE(.BOTH.,#1491);
#1477=SURFACE_STYLE_USAGE(.BOTH.,#1492);
#1478=SURFACE_STYLE_USAGE(.BOTH.,#1493);
#1479=SURFACE_STYLE_USAGE(.BOTH.,#1494);
#1480=SURFACE_SIDE_STYLE('',(#1495));
#1481=SURFACE_SIDE_STYLE('',(#1496));
#1482=SURFACE_SIDE_STYLE('',(#1497));
#1483=SURFACE_SIDE_STYLE('',(#1498));
#1484=SURFACE_SIDE_STYLE('',(#1499));
#1485=SURFACE_SIDE_STYLE('',(#1500));
#1486=SURFACE_SIDE_STYLE('',(#1501));
#1487=SURFACE_SIDE_STYLE('',(#1502));
#1488=SURFACE_SIDE_STYLE('',(#1503));
#1489=SURFACE_SIDE_STYLE('',(#1504));
#1490=SURFACE_SIDE_STYLE('',(#1505));
#1491=SURFACE_SIDE_STYLE('',(#1506));
#1492=SURFACE_SIDE_STYLE('',(#1507));
#1493=SURFACE_SIDE_STYLE('',(#1508));
#1494=SURFACE_SIDE_STYLE('',(#1509));
#1495=SURFACE_STYLE_FILL_AREA(#1510);
#1496=SURFACE_STYLE_FILL_AREA(#1511);
#1497=SURFACE_STYLE_FILL_AREA(#1512);
#1498=SURFACE_STYLE_FILL_AREA(#1513);
#1499=SURFACE_STYLE_FILL_AREA(#1514);
#1500=SURFACE_STYLE_FILL_AREA(#1515);
#1501=SURFACE_STYLE_FILL_AREA(#1516);
#1502=SURFACE_STYLE_FILL_AREA(#1517);
#1503=SURFACE_STYLE_FILL_AREA(#1518);
#1504=SURFACE_STYLE_FILL_AREA(#1519);
#1505=SURFACE_STYLE_FILL_AREA(#1520);
#1506=SURFACE_STYLE_FILL_AREA(#1521);
#1507=SURFACE_STYLE_FILL_AREA(#1522);
#1508=SURFACE_STYLE_FILL_AREA(#1523);
#1509=SURFACE_STYLE_FILL_AREA(#1524);
#1510=FILL_AREA_STYLE('',(#1525));
#1511=FILL_AREA_STYLE('',(#1526));
#1512=FILL_AREA_STYLE('',(#1527));
#1513=FILL_AREA_STYLE('',(#1528));
#1514=FILL_AREA_STYLE('',(#1529));
#1515=FILL_AREA_STYLE('',(#1530));
#1516=FILL_AREA_STYLE('',(#1531));
#1517=FILL_AREA_STYLE('',(#1532));
#1518=FILL_AREA_STYLE('',(#1533));
#1519=FILL_AREA_STYLE('',(#1534));
#1520=FILL_AREA_STYLE('',(#1535));
#1521=FILL_AREA_STYLE('',(#1536));
#1522=FILL_AREA_STYLE('',(#1537));
#1523=FILL_AREA_STYLE('',(#1538));
#1524=FILL_AREA_STYLE('',(#1539));
#1525=FILL_AREA_STYLE_COLOUR('',#1540);
#1526=FILL_AREA_STYLE_COLOUR('',#1541);
#1527=FILL_AREA_STYLE_COLOUR('',#1542);
#1528=FILL_AREA_STYLE_COLOUR('',#1543);
#1529=FILL_AREA_STYLE_COLOUR('',#1541);
#1530=FILL_AREA_STYLE_COLOUR('',#1544);
#1531=FILL_AREA_STYLE_COLOUR('',#1543);
#1532=FILL_AREA_STYLE_COLOUR('',#1545);
#1533=FILL_AREA_STYLE_COLOUR('',#1546);
#1534=FILL_AREA_STYLE_COLOUR('',#1544);
#1535=FILL_AREA_STYLE_COLOUR('',#1547);
#1536=FILL_AREA_STYLE_COLOUR('',#1540);
#1537=FILL_AREA_STYLE_COLOUR('',#1545);
#1538=FILL_AREA_STYLE_COLOUR('',#1546);
#1539=FILL_AREA_STYLE_COLOUR('',#1547);
#1540=COLOUR_RGB('',0.498039215686275,0.498039215686275,0.498039215686275);
#1541=COLOUR_RGB('',0.615686274509804,0.811764705882353,0.929411764705882);
#1542=COLOUR_RGB('',0.980392156862745,0.713725490196078,0.00392156862745098);
#1543=COLOUR_RGB('',0.647058823529412,0.647058823529412,0.647058823529412);
#1544=COLOUR_RGB('',0.231372549019608,0.380392156862745,0.705882352941177);
#1545=COLOUR_RGB('',0.917647058823529,0.917647058823529,0.917647058823529);
#1546=COLOUR_RGB('',0.972549019607843,0.529411764705882,0.00392156862745098);
#1547=COLOUR_RGB('',0.768627450980392,0.886274509803922,0.952941176470588);
#1548=MANIFOLD_SOLID_BREP('Part 7',#1420);
#1549=MANIFOLD_SOLID_BREP('Part 1',#1421);
#1550=MANIFOLD_SOLID_BREP('Part 8',#1422);
#1551=MANIFOLD_SOLID_BREP('Part 2',#1423);
#1552=MANIFOLD_SOLID_BREP('Part 9',#1424);
#1553=MANIFOLD_SOLID_BREP('Part 3',#1425);
#1554=MANIFOLD_SOLID_BREP('Part 10',#1426);
#1555=MANIFOLD_SOLID_BREP('Part 4',#1427);
#1556=MANIFOLD_SOLID_BREP('Part 14',#1428);
#1557=MANIFOLD_SOLID_BREP('Part 11',#1429);
#1558=MANIFOLD_SOLID_BREP('Part 5',#1430);
#1559=MANIFOLD_SOLID_BREP('Part 15',#1431);
#1560=MANIFOLD_SOLID_BREP('Part 12',#1432);
#1561=MANIFOLD_SOLID_BREP('Part 6',#1433);
#1562=MANIFOLD_SOLID_BREP('Part 13',#1434);
#1563=SHAPE_DEFINITION_REPRESENTATION(#2583,#1578);
#1564=SHAPE_DEFINITION_REPRESENTATION(#2584,#1579);
#1565=SHAPE_DEFINITION_REPRESENTATION(#2585,#1580);
#1566=SHAPE_DEFINITION_REPRESENTATION(#2586,#1581);
#1567=SHAPE_DEFINITION_REPRESENTATION(#2587,#1582);
#1568=SHAPE_DEFINITION_REPRESENTATION(#2588,#1583);
#1569=SHAPE_DEFINITION_REPRESENTATION(#2589,#1584);
#1570=SHAPE_DEFINITION_REPRESENTATION(#2590,#1585);
#1571=SHAPE_DEFINITION_REPRESENTATION(#2591,#1586);
#1572=SHAPE_DEFINITION_REPRESENTATION(#2592,#1587);
#1573=SHAPE_DEFINITION_REPRESENTATION(#2593,#1588);
#1574=SHAPE_DEFINITION_REPRESENTATION(#2594,#1589);
#1575=SHAPE_DEFINITION_REPRESENTATION(#2595,#1590);
#1576=SHAPE_DEFINITION_REPRESENTATION(#2596,#1591);
#1577=SHAPE_DEFINITION_REPRESENTATION(#2597,#1592);
#1578=SHAPE_REPRESENTATION('Part 7',(#1593),#2508);
#1579=SHAPE_REPRESENTATION('Part 1',(#1600),#2509);
#1580=SHAPE_REPRESENTATION('Part 8',(#1607),#2510);
#1581=SHAPE_REPRESENTATION('Part 2',(#1614),#2511);
#1582=SHAPE_REPRESENTATION('Part 9',(#1621),#2512);
#1583=SHAPE_REPRESENTATION('Part 3',(#1628),#2513);
#1584=SHAPE_REPRESENTATION('Part 10',(#1635),#2514);
#1585=SHAPE_REPRESENTATION('Part 4',(#1642),#2515);
#1586=SHAPE_REPRESENTATION('Part 14',(#1649),#2516);
#1587=SHAPE_REPRESENTATION('Part 11',(#1656),#2517);
#1588=SHAPE_REPRESENTATION('Part 5',(#1663),#2518);
#1589=SHAPE_REPRESENTATION('Part 15',(#1670),#2519);
#1590=SHAPE_REPRESENTATION('Part 12',(#1677),#2520);
#1591=SHAPE_REPRESENTATION('Part 6',(#1684),#2521);
#1592=SHAPE_REPRESENTATION('Part 13',(#1691),#2522);
#1593=AXIS2_PLACEMENT_3D('',#2088,#1698,#1699);
#1594=AXIS2_PLACEMENT_3D('',#2089,#1700,#1701);
#1595=AXIS2_PLACEMENT_3D('',#2098,#1706,#1707);
#1596=AXIS2_PLACEMENT_3D('',#2104,#1711,#1712);
#1597=AXIS2_PLACEMENT_3D('',#2110,#1716,#1717);
#1598=AXIS2_PLACEMENT_3D('',#2113,#1720,#1721);
#1599=AXIS2_PLACEMENT_3D('',#2114,#1722,#1723);
#1600=AXIS2_PLACEMENT_3D('',#2115,#1724,#1725);
#1601=AXIS2_PLACEMENT_3D('',#2116,#1726,#1727);
#1602=AXIS2_PLACEMENT_3D('',#2125,#1732,#1733);
#1603=AXIS2_PLACEMENT_3D('',#2131,#1737,#1738);
#1604=AXIS2_PLACEMENT_3D('',#2137,#1742,#1743);
#1605=AXIS2_PLACEMENT_3D('',#2140,#1746,#1747);
#1606=AXIS2_PLACEMENT_3D('',#2141,#1748,#1749);
#1607=AXIS2_PLACEMENT_3D('',#2142,#1750,#1751);
#1608=AXIS2_PLACEMENT_3D('',#2143,#1752,#1753);
#1609=AXIS2_PLACEMENT_3D('',#2152,#1758,#1759);
#1610=AXIS2_PLACEMENT_3D('',#2158,#1763,#1764);
#1611=AXIS2_PLACEMENT_3D('',#2164,#1768,#1769);
#1612=AXIS2_PLACEMENT_3D('',#2167,#1772,#1773);
#1613=AXIS2_PLACEMENT_3D('',#2168,#1774,#1775);
#1614=AXIS2_PLACEMENT_3D('',#2169,#1776,#1777);
#1615=AXIS2_PLACEMENT_3D('',#2170,#1778,#1779);
#1616=AXIS2_PLACEMENT_3D('',#2179,#1784,#1785);
#1617=AXIS2_PLACEMENT_3D('',#2185,#1789,#1790);
#1618=AXIS2_PLACEMENT_3D('',#2191,#1794,#1795);
#1619=AXIS2_PLACEMENT_3D('',#2194,#1798,#1799);
#1620=AXIS2_PLACEMENT_3D('',#2195,#1800,#1801);
#1621=AXIS2_PLACEMENT_3D('',#2196,#1802,#1803);
#1622=AXIS2_PLACEMENT_3D('',#2197,#1804,#1805);
#1623=AXIS2_PLACEMENT_3D('',#2206,#1810,#1811);
#1624=AXIS2_PLACEMENT_3D('',#2212,#1815,#1816);
#1625=AXIS2_PLACEMENT_3D('',#2218,#1820,#1821);
#1626=AXIS2_PLACEMENT_3D('',#2221,#1824,#1825);
#1627=AXIS2_PLACEMENT_3D('',#2222,#1826,#1827);
#1628=AXIS2_PLACEMENT_3D('',#2223,#1828,#1829);
#1629=AXIS2_PLACEMENT_3D('',#2224,#1830,#1831);
#1630=AXIS2_PLACEMENT_3D('',#2233,#1836,#1837);
#1631=AXIS2_PLACEMENT_3D('',#2239,#1841,#1842);
#1632=AXIS2_PLACEMENT_3D('',#2245,#1846,#1847);
#1633=AXIS2_PLACEMENT_3D('',#2248,#1850,#1851);
#1634=AXIS2_PLACEMENT_3D('',#2249,#1852,#1853);
#1635=AXIS2_PLACEMENT_3D('',#2250,#1854,#1855);
#1636=AXIS2_PLACEMENT_3D('',#2251,#1856,#1857);
#1637=AXIS2_PLACEMENT_3D('',#2260,#1862,#1863);
#1638=AXIS2_PLACEMENT_3D('',#2266,#1867,#1868);
#1639=AXIS2_PLACEMENT_3D('',#2272,#1872,#1873);
#1640=AXIS2_PLACEMENT_3D('',#2275,#1876,#1877);
#1641=AXIS2_PLACEMENT_3D('',#2276,#1878,#1879);
#1642=AXIS2_PLACEMENT_3D('',#2277,#1880,#1881);
#1643=AXIS2_PLACEMENT_3D('',#2278,#1882,#1883);
#1644=AXIS2_PLACEMENT_3D('',#2287,#1888,#1889);
#1645=AXIS2_PLACEMENT_3D('',#2293,#1893,#1894);
#1646=AXIS2_PLACEMENT_3D('',#2299,#1898,#1899);
#1647=AXIS2_PLACEMENT_3D('',#2302,#1902,#1903);
#1648=AXIS2_PLACEMENT_3D('',#2303,#1904,#1905);
#1649=AXIS2_PLACEMENT_3D('',#2304,#1906,#1907);
#1650=AXIS2_PLACEMENT_3D('',#2305,#1908,#1909);
#1651=AXIS2_PLACEMENT_3D('',#2314,#1914,#1915);
#1652=AXIS2_PLACEMENT_3D('',#2320,#1919,#1920);
#1653=AXIS2_PLACEMENT_3D('',#2326,#1924,#1925);
#1654=AXIS2_PLACEMENT_3D('',#2329,#1928,#1929);
#1655=AXIS2_PLACEMENT_3D('',#2330,#1930,#1931);
#1656=AXIS2_PLACEMENT_3D('',#2331,#1932,#1933);
#1657=AXIS2_PLACEMENT_3D('',#2332,#1934,#1935);
#1658=AXIS2_PLACEMENT_3D('',#2341,#1940,#1941);
#1659=AXIS2_PLACEMENT_3D('',#2347,#1945,#1946);
#1660=AXIS2_PLACEMENT_3D('',#2353,#1950,#1951);
#1661=AXIS2_PLACEMENT_3D('',#2356,#1954,#1955);
#1662=AXIS2_PLACEMENT_3D('',#2357,#1956,#1957);
#1663=AXIS2_PLACEMENT_3D('',#2358,#1958,#1959);
#1664=AXIS2_PLACEMENT_3D('',#2359,#1960,#1961);
#1665=AXIS2_PLACEMENT_3D('',#2368,#1966,#1967);
#1666=AXIS2_PLACEMENT_3D('',#2374,#1971,#1972);
#1667=AXIS2_PLACEMENT_3D('',#2380,#1976,#1977);
#1668=AXIS2_PLACEMENT_3D('',#2383,#1980,#1981);
#1669=AXIS2_PLACEMENT_3D('',#2384,#1982,#1983);
#1670=AXIS2_PLACEMENT_3D('',#2385,#1984,#1985);
#1671=AXIS2_PLACEMENT_3D('',#2386,#1986,#1987);
#1672=AXIS2_PLACEMENT_3D('',#2395,#1992,#1993);
#1673=AXIS2_PLACEMENT_3D('',#2401,#1997,#1998);
#1674=AXIS2_PLACEMENT_3D('',#2407,#2002,#2003);
#1675=AXIS2_PLACEMENT_3D('',#2410,#2006,#2007);
#1676=AXIS2_PLACEMENT_3D('',#2411,#2008,#2009);
#1677=AXIS2_PLACEMENT_3D('',#2412,#2010,#2011);
#1678=AXIS2_PLACEMENT_3D('',#2413,#2012,#2013);
#1679=AXIS2_PLACEMENT_3D('',#2422,#2018,#2019);
#1680=AXIS2_PLACEMENT_3D('',#2428,#2023,#2024);
#1681=AXIS2_PLACEMENT_3D('',#2434,#2028,#2029);
#1682=AXIS2_PLACEMENT_3D('',#2437,#2032,#2033);
#1683=AXIS2_PLACEMENT_3D('',#2438,#2034,#2035);
#1684=AXIS2_PLACEMENT_3D('',#2439,#2036,#2037);
#1685=AXIS2_PLACEMENT_3D('',#2440,#2038,#2039);
#1686=AXIS2_PLACEMENT_3D('',#2449,#2044,#2045);
#1687=AXIS2_PLACEMENT_3D('',#2455,#2049,#2050);
#1688=AXIS2_PLACEMENT_3D('',#2461,#2054,#2055);
#1689=AXIS2_PLACEMENT_3D('',#2464,#2058,#2059);
#1690=AXIS2_PLACEMENT_3D('',#2465,#2060,#2061);
#1691=AXIS2_PLACEMENT_3D('',#2466,#2062,#2063);
#1692=AXIS2_PLACEMENT_3D('',#2467,#2064,#2065);
#1693=AXIS2_PLACEMENT_3D('',#2476,#2070,#2071);
#1694=AXIS2_PLACEMENT_3D('',#2482,#2075,#2076);
#1695=AXIS2_PLACEMENT_3D('',#2488,#2080,#2081);
#1696=AXIS2_PLACEMENT_3D('',#2491,#2084,#2085);
#1697=AXIS2_PLACEMENT_3D('',#2492,#2086,#2087);
#1698=DIRECTION('',(0.,0.,1.));
#1699=DIRECTION('',(1.,0.,0.));
#1700=DIRECTION('',(0.,1.,0.));
#1701=DIRECTION('',(0.,0.,1.));
#1702=DIRECTION('',(1.,0.,0.));
#1703=DIRECTION('',(0.,0.,-1.));
#1704=DIRECTION('',(1.,0.,0.));
#1705=DIRECTION('',(0.,0.,-1.));
#1706=DIRECTION('',(1.,0.,0.));
#1707=DIRECTION('',(0.,0.,-1.));
#1708=DIRECTION('',(0.,-1.,0.));
#1709=DIRECTION('',(0.,0.,-1.));
#1710=DIRECTION('',(0.,-1.,0.));
#1711=DIRECTION('',(0.,1.,0.));
#1712=DIRECTION('',(0.,0.,1.));
#1713=DIRECTION('',(1.,0.,0.));
#1714=DIRECTION('',(0.,0.,-1.));
#1715=DIRECTION('',(1.,0.,0.));
#1716=DIRECTION('',(1.,0.,0.));
#1717=DIRECTION('',(0.,0.,-1.));
#1718=DIRECTION('',(0.,-1.,0.));
#1719=DIRECTION('',(0.,-1.,0.));
#1720=DIRECTION('',(0.,0.,1.));
#1721=DIRECTION('',(1.,0.,0.));
#1722=DIRECTION('',(0.,0.,1.));
#1723=DIRECTION('',(1.,0.,0.));
#1724=DIRECTION('',(0.,0.,1.));
#1725=DIRECTION('',(1.,0.,0.));
#1726=DIRECTION('',(0.,1.,0.));
#1727=DIRECTION('',(0.,0.,1.));
#1728=DIRECTION('',(1.,0.,0.));
#1729=DIRECTION('',(0.,0.,-1.));
#1730=DIRECTION('',(1.,0.,0.));
#1731=DIRECTION('',(0.,0.,-1.));
#1732=DIRECTION('',(1.,0.,0.));
#1733=DIRECTION('',(0.,0.,-1.));
#1734=DIRECTION('',(0.,-1.,0.));
#1735=DIRECTION('',(0.,0.,-1.));
#1736=DIRECTION('',(0.,-1.,0.));
#1737=DIRECTION('',(0.,1.,0.));
#1738=DIRECTION('',(0.,0.,1.));
#1739=DIRECTION('',(1.,0.,0.));
#1740=DIRECTION('',(0.,0.,-1.));
#1741=DIRECTION('',(1.,0.,0.));
#1742=DIRECTION('',(1.,0.,0.));
#1743=DIRECTION('',(0.,0.,-1.));
#1744=DIRECTION('',(0.,-1.,0.));
#1745=DIRECTION('',(0.,-1.,0.));
#1746=DIRECTION('',(0.,0.,1.));
#1747=DIRECTION('',(1.,0.,0.));
#1748=DIRECTION('',(0.,0.,1.));
#1749=DIRECTION('',(1.,0.,0.));
#1750=DIRECTION('',(0.,0.,1.));
#1751=DIRECTION('',(1.,0.,0.));
#1752=DIRECTION('',(0.,1.,0.));
#1753=DIRECTION('',(0.,0.,1.));
#1754=DIRECTION('',(1.,0.,0.));
#1755=DIRECTION('',(0.,0.,-1.));
#1756=DIRECTION('',(1.,0.,0.));
#1757=DIRECTION('',(0.,0.,-1.));
#1758=DIRECTION('',(1.,0.,0.));
#1759=DIRECTION('',(0.,0.,-1.));
#1760=DIRECTION('',(0.,-1.,0.));
#1761=DIRECTION('',(0.,0.,-1.));
#1762=DIRECTION('',(0.,-1.,0.));
#1763=DIRECTION('',(0.,1.,0.));
#1764=DIRECTION('',(0.,0.,1.));
#1765=DIRECTION('',(1.,0.,0.));
#1766=DIRECTION('',(0.,0.,-1.));
#1767=DIRECTION('',(1.,0.,0.));
#1768=DIRECTION('',(1.,0.,0.));
#1769=DIRECTION('',(0.,0.,-1.));
#1770=DIRECTION('',(0.,-1.,0.));
#1771=DIRECTION('',(0.,-1.,0.));
#1772=DIRECTION('',(0.,0.,1.));
#1773=DIRECTION('',(1.,0.,0.));
#1774=DIRECTION('',(0.,0.,1.));
#1775=DIRECTION('',(1.,0.,0.));
#1776=DIRECTION('',(0.,0.,1.));
#1777=DIRECTION('',(1.,0.,0.));
#1778=DIRECTION('',(0.,1.,0.));
#1779=DIRECTION('',(0.,0.,1.));
#1780=DIRECTION('',(1.,0.,0.));
#1781=DIRECTION('',(0.,0.,-1.));
#1782=DIRECTION('',(1.,0.,0.));
#1783=DIRECTION('',(0.,0.,-1.));
#1784=DIRECTION('',(1.,0.,0.));
#1785=DIRECTION('',(0.,0.,-1.));
#1786=DIRECTION('',(0.,-1.,0.));
#1787=DIRECTION('',(0.,0.,-1.));
#1788=DIRECTION('',(0.,-1.,0.));
#1789=DIRECTION('',(0.,1.,0.));
#1790=DIRECTION('',(0.,0.,1.));
#1791=DIRECTION('',(1.,0.,0.));
#1792=DIRECTION('',(0.,0.,-1.));
#1793=DIRECTION('',(1.,0.,0.));
#1794=DIRECTION('',(1.,0.,0.));
#1795=DIRECTION('',(0.,0.,-1.));
#1796=DIRECTION('',(0.,-1.,0.));
#1797=DIRECTION('',(0.,-1.,0.));
#1798=DIRECTION('',(0.,0.,1.));
#1799=DIRECTION('',(1.,0.,0.));
#1800=DIRECTION('',(0.,0.,1.));
#1801=DIRECTION('',(1.,0.,0.));
#1802=DIRECTION('',(0.,0.,1.));
#1803=DIRECTION('',(1.,0.,0.));
#1804=DIRECTION('',(0.,1.,0.));
#1805=DIRECTION('',(0.,0.,1.));
#1806=DIRECTION('',(1.,0.,0.));
#1807=DIRECTION('',(0.,0.,-1.));
#1808=DIRECTION('',(1.,0.,0.));
#1809=DIRECTION('',(0.,0.,-1.));
#1810=DIRECTION('',(1.,0.,0.));
#1811=DIRECTION('',(0.,0.,-1.));
#1812=DIRECTION('',(0.,-1.,0.));
#1813=DIRECTION('',(0.,0.,-1.));
#1814=DIRECTION('',(0.,-1.,0.));
#1815=DIRECTION('',(0.,1.,0.));
#1816=DIRECTION('',(0.,0.,1.));
#1817=DIRECTION('',(1.,0.,0.));
#1818=DIRECTION('',(0.,0.,-1.));
#1819=DIRECTION('',(1.,0.,0.));
#1820=DIRECTION('',(1.,0.,0.));
#1821=DIRECTION('',(0.,0.,-1.));
#1822=DIRECTION('',(0.,-1.,0.));
#1823=DIRECTION('',(0.,-1.,0.));
#1824=DIRECTION('',(0.,0.,1.));
#1825=DIRECTION('',(1.,0.,0.));
#1826=DIRECTION('',(0.,0.,1.));
#1827=DIRECTION('',(1.,0.,0.));
#1828=DIRECTION('',(0.,0.,1.));
#1829=DIRECTION('',(1.,0.,0.));
#1830=DIRECTION('',(0.,1.,0.));
#1831=DIRECTION('',(0.,0.,1.));
#1832=DIRECTION('',(1.,0.,0.));
#1833=DIRECTION('',(0.,0.,-1.));
#1834=DIRECTION('',(1.,0.,0.));
#1835=DIRECTION('',(0.,0.,-1.));
#1836=DIRECTION('',(1.,0.,0.));
#1837=DIRECTION('',(0.,0.,-1.));
#1838=DIRECTION('',(0.,-1.,0.));
#1839=DIRECTION('',(0.,0.,-1.));
#1840=DIRECTION('',(0.,-1.,0.));
#1841=DIRECTION('',(0.,1.,0.));
#1842=DIRECTION('',(0.,0.,1.));
#1843=DIRECTION('',(1.,0.,0.));
#1844=DIRECTION('',(0.,0.,-1.));
#1845=DIRECTION('',(1.,0.,0.));
#1846=DIRECTION('',(1.,0.,0.));
#1847=DIRECTION('',(0.,0.,-1.));
#1848=DIRECTION('',(0.,-1.,0.));
#1849=DIRECTION('',(0.,-1.,0.));
#1850=DIRECTION('',(0.,0.,1.));
#1851=DIRECTION('',(1.,0.,0.));
#1852=DIRECTION('',(0.,0.,1.));
#1853=DIRECTION('',(1.,0.,0.));
#1854=DIRECTION('',(0.,0.,1.));
#1855=DIRECTION('',(1.,0.,0.));
#1856=DIRECTION('',(0.,1.,0.));
#1857=DIRECTION('',(0.,0.,1.));
#1858=DIRECTION('',(1.,0.,0.));
#1859=DIRECTION('',(0.,0.,-1.));
#1860=DIRECTION('',(1.,0.,0.));
#1861=DIRECTION('',(0.,0.,-1.));
#1862=DIRECTION('',(1.,0.,0.));
#1863=DIRECTION('',(0.,0.,-1.));
#1864=DIRECTION('',(0.,-1.,0.));
#1865=DIRECTION('',(0.,0.,-1.));
#1866=DIRECTION('',(0.,-1.,0.));
#1867=DIRECTION('',(0.,1.,0.));
#1868=DIRECTION('',(0.,0.,1.));
#1869=DIRECTION('',(1.,0.,0.));
#1870=DIRECTION('',(0.,0.,-1.));
#1871=DIRECTION('',(1.,0.,0.));
#1872=DIRECTION('',(1.,0.,0.));
#1873=DIRECTION('',(0.,0.,-1.));
#1874=DIRECTION('',(0.,-1.,0.));
#1875=DIRECTION('',(0.,-1.,0.));
#1876=DIRECTION('',(0.,0.,1.));
#1877=DIRECTION('',(1.,0.,0.));
#1878=DIRECTION('',(0.,0.,1.));
#1879=DIRECTION('',(1.,0.,0.));
#1880=DIRECTION('',(0.,0.,1.));
#1881=DIRECTION('',(1.,0.,0.));
#1882=DIRECTION('',(0.,1.,0.));
#1883=DIRECTION('',(0.,0.,1.));
#1884=DIRECTION('',(1.,0.,0.));
#1885=DIRECTION('',(0.,0.,-1.));
#1886=DIRECTION('',(1.,0.,0.));
#1887=DIRECTION('',(0.,0.,-1.));
#1888=DIRECTION('',(1.,0.,0.));
#1889=DIRECTION('',(0.,0.,-1.));
#1890=DIRECTION('',(0.,-1.,0.));
#1891=DIRECTION('',(0.,0.,-1.));
#1892=DIRECTION('',(0.,-1.,0.));
#1893=DIRECTION('',(0.,1.,0.));
#1894=DIRECTION('',(0.,0.,1.));
#1895=DIRECTION('',(1.,0.,0.));
#1896=DIRECTION('',(0.,0.,-1.));
#1897=DIRECTION('',(1.,0.,0.));
#1898=DIRECTION('',(1.,0.,0.));
#1899=DIRECTION('',(0.,0.,-1.));
#1900=DIRECTION('',(0.,-1.,0.));
#1901=DIRECTION('',(0.,-1.,0.));
#1902=DIRECTION('',(0.,0.,1.));
#1903=DIRECTION('',(1.,0.,0.));
#1904=DIRECTION('',(0.,0.,1.));
#1905=DIRECTION('',(1.,0.,0.));
#1906=DIRECTION('',(0.,0.,1.));
#1907=DIRECTION('',(1.,0.,0.));
#1908=DIRECTION('',(0.,1.,0.));
#1909=DIRECTION('',(0.,0.,1.));
#1910=DIRECTION('',(1.,0.,0.));
#1911=DIRECTION('',(0.,0.,-1.));
#1912=DIRECTION('',(1.,0.,0.));
#1913=DIRECTION('',(0.,0.,-1.));
#1914=DIRECTION('',(1.,0.,0.));
#1915=DIRECTION('',(0.,0.,-1.));
#1916=DIRECTION('',(0.,-1.,0.));
#1917=DIRECTION('',(0.,0.,-1.));
#1918=DIRECTION('',(0.,-1.,0.));
#1919=DIRECTION('',(0.,1.,0.));
#1920=DIRECTION('',(0.,0.,1.));
#1921=DIRECTION('',(1.,0.,0.));
#1922=DIRECTION('',(0.,0.,-1.));
#1923=DIRECTION('',(1.,0.,0.));
#1924=DIRECTION('',(1.,0.,0.));
#1925=DIRECTION('',(0.,0.,-1.));
#1926=DIRECTION('',(0.,-1.,0.));
#1927=DIRECTION('',(0.,-1.,0.));
#1928=DIRECTION('',(0.,0.,1.));
#1929=DIRECTION('',(1.,0.,0.));
#1930=DIRECTION('',(0.,0.,1.));
#1931=DIRECTION('',(1.,0.,0.));
#1932=DIRECTION('',(0.,0.,1.));
#1933=DIRECTION('',(1.,0.,0.));
#1934=DIRECTION('',(0.,1.,0.));
#1935=DIRECTION('',(0.,0.,1.));
#1936=DIRECTION('',(1.,0.,0.));
#1937=DIRECTION('',(0.,0.,-1.));
#1938=DIRECTION('',(1.,0.,0.));
#1939=DIRECTION('',(0.,0.,-1.));
#1940=DIRECTION('',(1.,0.,0.));
#1941=DIRECTION('',(0.,0.,-1.));
#1942=DIRECTION('',(0.,-1.,0.));
#1943=DIRECTION('',(0.,0.,-1.));
#1944=DIRECTION('',(0.,-1.,0.));
#1945=DIRECTION('',(0.,1.,0.));
#1946=DIRECTION('',(0.,0.,1.));
#1947=DIRECTION('',(1.,0.,0.));
#1948=DIRECTION('',(0.,0.,-1.));
#1949=DIRECTION('',(1.,0.,0.));
#1950=DIRECTION('',(1.,0.,0.));
#1951=DIRECTION('',(0.,0.,-1.));
#1952=DIRECTION('',(0.,-1.,0.));
#1953=DIRECTION('',(0.,-1.,0.));
#1954=DIRECTION('',(0.,0.,1.));
#1955=DIRECTION('',(1.,0.,0.));
#1956=DIRECTION('',(0.,0.,1.));
#1957=DIRECTION('',(1.,0.,0.));
#1958=DIRECTION('',(0.,0.,1.));
#1959=DIRECTION('',(1.,0.,0.));
#1960=DIRECTION('',(0.,1.,0.));
#1961=DIRECTION('',(0.,0.,1.));
#1962=DIRECTION('',(1.,0.,0.));
#1963=DIRECTION('',(0.,0.,-1.));
#1964=DIRECTION('',(1.,0.,0.));
#1965=DIRECTION('',(0.,0.,-1.));
#1966=DIRECTION('',(1.,0.,0.));
#1967=DIRECTION('',(0.,0.,-1.));
#1968=DIRECTION('',(0.,-1.,0.));
#1969=DIRECTION('',(0.,0.,-1.));
#1970=DIRECTION('',(0.,-1.,0.));
#1971=DIRECTION('',(0.,1.,0.));
#1972=DIRECTION('',(0.,0.,1.));
#1973=DIRECTION('',(1.,0.,0.));
#1974=DIRECTION('',(0.,0.,-1.));
#1975=DIRECTION('',(1.,0.,0.));
#1976=DIRECTION('',(1.,0.,0.));
#1977=DIRECTION('',(0.,0.,-1.));
#1978=DIRECTION('',(0.,-1.,0.));
#1979=DIRECTION('',(0.,-1.,0.));
#1980=DIRECTION('',(0.,0.,1.));
#1981=DIRECTION('',(1.,0.,0.));
#1982=DIRECTION('',(0.,0.,1.));
#1983=DIRECTION('',(1.,0.,0.));
#1984=DIRECTION('',(0.,0.,1.));
#1985=DIRECTION('',(1.,0.,0.));
#1986=DIRECTION('',(0.,1.,0.));
#1987=DIRECTION('',(0.,0.,1.));
#1988=DIRECTION('',(1.,0.,0.));
#1989=DIRECTION('',(0.,0.,-1.));
#1990=DIRECTION('',(1.,0.,0.));
#1991=DIRECTION('',(0.,0.,-1.));
#1992=DIRECTION('',(1.,0.,0.));
#1993=DIRECTION('',(0.,0.,-1.));
#1994=DIRECTION('',(0.,-1.,0.));
#1995=DIRECTION('',(0.,0.,-1.));
#1996=DIRECTION('',(0.,-1.,0.));
#1997=DIRECTION('',(0.,1.,0.));
#1998=DIRECTION('',(0.,0.,1.));
#1999=DIRECTION('',(1.,0.,0.));
#2000=DIRECTION('',(0.,0.,-1.));
#2001=DIRECTION('',(1.,0.,0.));
#2002=DIRECTION('',(1.,0.,0.));
#2003=DIRECTION('',(0.,0.,-1.));
#2004=DIRECTION('',(0.,-1.,0.));
#2005=DIRECTION('',(0.,-1.,0.));
#2006=DIRECTION('',(0.,0.,1.));
#2007=DIRECTION('',(1.,0.,0.));
#2008=DIRECTION('',(0.,0.,1.));
#2009=DIRECTION('',(1.,0.,0.));
#2010=DIRECTION('',(0.,0.,1.));
#2011=DIRECTION('',(1.,0.,0.));
#2012=DIRECTION('',(0.,1.,0.));
#2013=DIRECTION('',(0.,0.,1.));
#2014=DIRECTION('',(1.,0.,0.));
#2015=DIRECTION('',(0.,0.,-1.));
#2016=DIRECTION('',(1.,0.,0.));
#2017=DIRECTION('',(0.,0.,-1.));
#2018=DIRECTION('',(1.,0.,0.));
#2019=DIRECTION('',(0.,0.,-1.));
#2020=DIRECTION('',(0.,-1.,0.));
#2021=DIRECTION('',(0.,0.,-1.));
#2022=DIRECTION('',(0.,-1.,0.));
#2023=DIRECTION('',(0.,1.,0.));
#2024=DIRECTION('',(0.,0.,1.));
#2025=DIRECTION('',(1.,0.,0.));
#2026=DIRECTION('',(0.,0.,-1.));
#2027=DIRECTION('',(1.,0.,0.));
#2028=DIRECTION('',(1.,0.,0.));
#2029=DIRECTION('',(0.,0.,-1.));
#2030=DIRECTION('',(0.,-1.,0.));
#2031=DIRECTION('',(0.,-1.,0.));
#2032=DIRECTION('',(0.,0.,1.));
#2033=DIRECTION('',(1.,0.,0.));
#2034=DIRECTION('',(0.,0.,1.));
#2035=DIRECTION('',(1.,0.,0.));
#2036=DIRECTION('',(0.,0.,1.));
#2037=DIRECTION('',(1.,0.,0.));
#2038=DIRECTION('',(0.,1.,0.));
#2039=DIRECTION('',(0.,0.,1.));
#2040=DIRECTION('',(1.,0.,0.));
#2041=DIRECTION('',(0.,0.,-1.));
#2042=DIRECTION('',(1.,0.,0.));
#2043=DIRECTION('',(0.,0.,-1.));
#2044=DIRECTION('',(1.,0.,0.));
#2045=DIRECTION('',(0.,0.,-1.));
#2046=DIRECTION('',(0.,-1.,0.));
#2047=DIRECTION('',(0.,0.,-1.));
#2048=DIRECTION('',(0.,-1.,0.));
#2049=DIRECTION('',(0.,1.,0.));
#2050=DIRECTION('',(0.,0.,1.));
#2051=DIRECTION('',(1.,0.,0.));
#2052=DIRECTION('',(0.,0.,-1.));
#2053=DIRECTION('',(1.,0.,0.));
#2054=DIRECTION('',(1.,0.,0.));
#2055=DIRECTION('',(0.,0.,-1.));
#2056=DIRECTION('',(0.,-1.,0.));
#2057=DIRECTION('',(0.,-1.,0.));
#2058=DIRECTION('',(0.,0.,1.));
#2059=DIRECTION('',(1.,0.,0.));
#2060=DIRECTION('',(0.,0.,1.));
#2061=DIRECTION('',(1.,0.,0.));
#2062=DIRECTION('',(0.,0.,1.));
#2063=DIRECTION('',(1.,0.,0.));
#2064=DIRECTION('',(0.,1.,0.));
#2065=DIRECTION('',(0.,0.,1.));
#2066=DIRECTION('',(1.,0.,0.));
#2067=DIRECTION('',(0.,0.,-1.));
#2068=DIRECTION('',(1.,0.,0.));
#2069=DIRECTION('',(0.,0.,-1.));
#2070=DIRECTION('',(1.,0.,0.));
#2071=DIRECTION('',(0.,0.,-1.));
#2072=DIRECTION('',(0.,-1.,0.));
#2073=DIRECTION('',(0.,0.,-1.));
#2074=DIRECTION('',(0.,-1.,0.));
#2075=DIRECTION('',(0.,1.,0.));
#2076=DIRECTION('',(0.,0.,1.));
#2077=DIRECTION('',(1.,0.,0.));
#2078=DIRECTION('',(0.,0.,-1.));
#2079=DIRECTION('',(1.,0.,0.));
#2080=DIRECTION('',(1.,0.,0.));
#2081=DIRECTION('',(0.,0.,-1.));
#2082=DIRECTION('',(0.,-1.,0.));
#2083=DIRECTION('',(0.,-1.,0.));
#2084=DIRECTION('',(0.,0.,1.));
#2085=DIRECTION('',(1.,0.,0.));
#2086=DIRECTION('',(0.,0.,1.));
#2087=DIRECTION('',(1.,0.,0.));
#2088=CARTESIAN_POINT('',(0.,0.,0.));
#2089=CARTESIAN_POINT('',(0.000927236467599873,0.0163738481432199,0.0005));
#2090=CARTESIAN_POINT('',(0.000927236467599873,0.0163738481432199,0.));
#2091=CARTESIAN_POINT('',(-0.0696977635324001,0.0163738481432199,0.));
#2092=CARTESIAN_POINT('',(0.0715522364675999,0.0163738481432199,0.));
#2093=CARTESIAN_POINT('',(-0.0696977635324001,0.0163738481432199,0.0005));
#2094=CARTESIAN_POINT('',(-0.0696977635324001,0.0163738481432199,0.0005));
#2095=CARTESIAN_POINT('',(0.000927236467599873,0.0163738481432199,0.0005));
#2096=CARTESIAN_POINT('',(0.0715522364675999,0.0163738481432199,0.0005));
#2097=CARTESIAN_POINT('',(0.0715522364675999,0.0163738481432199,0.0005));
#2098=CARTESIAN_POINT('',(-0.0696977635324001,0.01387384814322,0.0005));
#2099=CARTESIAN_POINT('',(-0.0696977635324001,0.01387384814322,0.));
#2100=CARTESIAN_POINT('',(-0.0696977635324001,0.01137384814322,0.));
#2101=CARTESIAN_POINT('',(-0.0696977635324001,0.01137384814322,0.0005));
#2102=CARTESIAN_POINT('',(-0.0696977635324001,0.01137384814322,0.0005));
#2103=CARTESIAN_POINT('',(-0.0696977635324001,0.01387384814322,0.0005));
#2104=CARTESIAN_POINT('',(0.000927236467599873,0.01137384814322,0.0005));
#2105=CARTESIAN_POINT('',(0.000927236467599873,0.01137384814322,0.));
#2106=CARTESIAN_POINT('',(0.0715522364675999,0.01137384814322,0.));
#2107=CARTESIAN_POINT('',(0.0715522364675999,0.01137384814322,0.0005));
#2108=CARTESIAN_POINT('',(0.0715522364675999,0.01137384814322,0.0005));
#2109=CARTESIAN_POINT('',(0.000927236467599873,0.01137384814322,0.0005));
#2110=CARTESIAN_POINT('',(0.0715522364675999,0.01387384814322,0.0005));
#2111=CARTESIAN_POINT('',(0.0715522364675999,0.01387384814322,0.));
#2112=CARTESIAN_POINT('',(0.0715522364675999,0.01387384814322,0.0005));
#2113=CARTESIAN_POINT('',(0.000927236467599873,0.00577384814321996,0.0005));
#2114=CARTESIAN_POINT('',(0.000927236467599873,0.00577384814321996,0.));
#2115=CARTESIAN_POINT('',(0.,0.,0.));
#2116=CARTESIAN_POINT('',(0.000927236467599873,0.06497384814322,0.0005));
#2117=CARTESIAN_POINT('',(0.000927236467599873,0.06497384814322,0.));
#2118=CARTESIAN_POINT('',(-0.0696977635324001,0.06497384814322,0.));
#2119=CARTESIAN_POINT('',(0.0715522364675999,0.06497384814322,0.));
#2120=CARTESIAN_POINT('',(-0.0696977635324001,0.06497384814322,0.0005));
#2121=CARTESIAN_POINT('',(-0.0696977635324001,0.06497384814322,0.0005));
#2122=CARTESIAN_POINT('',(0.000927236467599873,0.06497384814322,0.0005));
#2123=CARTESIAN_POINT('',(0.0715522364675999,0.06497384814322,0.0005));
#2124=CARTESIAN_POINT('',(0.0715522364675999,0.06497384814322,0.0005));
#2125=CARTESIAN_POINT('',(-0.0696977635324001,0.06247384814322,0.0005));
#2126=CARTESIAN_POINT('',(-0.0696977635324001,0.06247384814322,0.));
#2127=CARTESIAN_POINT('',(-0.0696977635324001,0.05997384814322,0.));
#2128=CARTESIAN_POINT('',(-0.0696977635324001,0.05997384814322,0.0005));
#2129=CARTESIAN_POINT('',(-0.0696977635324001,0.05997384814322,0.0005));
#2130=CARTESIAN_POINT('',(-0.0696977635324001,0.06247384814322,0.0005));
#2131=CARTESIAN_POINT('',(0.000927236467599873,0.05997384814322,0.0005));
#2132=CARTESIAN_POINT('',(0.000927236467599873,0.05997384814322,0.));
#2133=CARTESIAN_POINT('',(0.0715522364675999,0.05997384814322,0.));
#2134=CARTESIAN_POINT('',(0.0715522364675999,0.05997384814322,0.0005));
#2135=CARTESIAN_POINT('',(0.0715522364675999,0.05997384814322,0.0005));
#2136=CARTESIAN_POINT('',(0.000927236467599873,0.05997384814322,0.0005));
#2137=CARTESIAN_POINT('',(0.0715522364675999,0.06247384814322,0.0005));
#2138=CARTESIAN_POINT('',(0.0715522364675999,0.06247384814322,0.));
#2139=CARTESIAN_POINT('',(0.0715522364675999,0.06247384814322,0.0005));
#2140=CARTESIAN_POINT('',(0.000927236467599873,0.00577384814321996,0.0005));
#2141=CARTESIAN_POINT('',(0.000927236467599873,0.00577384814321996,0.));
#2142=CARTESIAN_POINT('',(0.,0.,0.));
#2143=CARTESIAN_POINT('',(0.000927236467599873,0.00827384814321996,0.0005));
#2144=CARTESIAN_POINT('',(0.000927236467599873,0.00827384814321996,0.));
#2145=CARTESIAN_POINT('',(-0.0696977635324001,0.00827384814321996,0.));
#2146=CARTESIAN_POINT('',(0.0715522364675999,0.00827384814321995,0.));
#2147=CARTESIAN_POINT('',(-0.0696977635324001,0.00827384814321996,0.0005));
#2148=CARTESIAN_POINT('',(-0.0696977635324001,0.00827384814321996,0.0005));
#2149=CARTESIAN_POINT('',(0.000927236467599873,0.00827384814321996,0.0005));
#2150=CARTESIAN_POINT('',(0.0715522364675999,0.00827384814321995,0.0005));
#2151=CARTESIAN_POINT('',(0.0715522364675999,0.00827384814321995,0.0005));
#2152=CARTESIAN_POINT('',(-0.0696977635324001,0.00577384814321996,0.0005));
#2153=CARTESIAN_POINT('',(-0.0696977635324001,0.00577384814321996,0.));
#2154=CARTESIAN_POINT('',(-0.0696977635324001,0.00327384814321996,0.));
#2155=CARTESIAN_POINT('',(-0.0696977635324001,0.00327384814321996,0.0005));
#2156=CARTESIAN_POINT('',(-0.0696977635324001,0.00327384814321996,0.0005));
#2157=CARTESIAN_POINT('',(-0.0696977635324001,0.00577384814321996,0.0005));
#2158=CARTESIAN_POINT('',(0.000927236467599873,0.00327384814321996,0.0005));
#2159=CARTESIAN_POINT('',(0.000927236467599873,0.00327384814321996,0.));
#2160=CARTESIAN_POINT('',(0.0715522364675999,0.00327384814321996,0.));
#2161=CARTESIAN_POINT('',(0.0715522364675999,0.00327384814321996,0.0005));
#2162=CARTESIAN_POINT('',(0.0715522364675999,0.00327384814321996,0.0005));
#2163=CARTESIAN_POINT('',(0.000927236467599873,0.00327384814321996,0.0005));
#2164=CARTESIAN_POINT('',(0.0715522364675999,0.00577384814321996,0.0005));
#2165=CARTESIAN_POINT('',(0.0715522364675999,0.00577384814321996,0.));
#2166=CARTESIAN_POINT('',(0.0715522364675999,0.00577384814321996,0.0005));
#2167=CARTESIAN_POINT('',(0.000927236467599873,0.00577384814321996,0.0005));
#2168=CARTESIAN_POINT('',(0.000927236467599873,0.00577384814321996,0.));
#2169=CARTESIAN_POINT('',(0.,0.,0.));
#2170=CARTESIAN_POINT('',(0.000927236467599873,0.05687384814322,0.0005));
#2171=CARTESIAN_POINT('',(0.000927236467599873,0.05687384814322,0.));
#2172=CARTESIAN_POINT('',(-0.0696977635324001,0.05687384814322,0.));
#2173=CARTESIAN_POINT('',(0.0715522364675999,0.05687384814322,0.));
#2174=CARTESIAN_POINT('',(-0.0696977635324001,0.05687384814322,0.0005));
#2175=CARTESIAN_POINT('',(-0.0696977635324001,0.05687384814322,0.0005));
#2176=CARTESIAN_POINT('',(0.000927236467599873,0.05687384814322,0.0005));
#2177=CARTESIAN_POINT('',(0.0715522364675999,0.05687384814322,0.0005));
#2178=CARTESIAN_POINT('',(0.0715522364675999,0.05687384814322,0.0005));
#2179=CARTESIAN_POINT('',(-0.0696977635324001,0.05437384814322,0.0005));
#2180=CARTESIAN_POINT('',(-0.0696977635324001,0.05437384814322,0.));
#2181=CARTESIAN_POINT('',(-0.0696977635324001,0.05187384814322,0.));
#2182=CARTESIAN_POINT('',(-0.0696977635324001,0.05187384814322,0.0005));
#2183=CARTESIAN_POINT('',(-0.0696977635324001,0.05187384814322,0.0005));
#2184=CARTESIAN_POINT('',(-0.0696977635324001,0.05437384814322,0.0005));
#2185=CARTESIAN_POINT('',(0.000927236467599873,0.05187384814322,0.0005));
#2186=CARTESIAN_POINT('',(0.000927236467599873,0.05187384814322,0.));
#2187=CARTESIAN_POINT('',(0.0715522364675999,0.05187384814322,0.));
#2188=CARTESIAN_POINT('',(0.0715522364675999,0.05187384814322,0.0005));
#2189=CARTESIAN_POINT('',(0.0715522364675999,0.05187384814322,0.0005));
#2190=CARTESIAN_POINT('',(0.000927236467599873,0.05187384814322,0.0005));
#2191=CARTESIAN_POINT('',(0.0715522364675999,0.05437384814322,0.0005));
#2192=CARTESIAN_POINT('',(0.0715522364675999,0.05437384814322,0.));
#2193=CARTESIAN_POINT('',(0.0715522364675999,0.05437384814322,0.0005));
#2194=CARTESIAN_POINT('',(0.000927236467599873,0.00577384814321996,0.0005));
#2195=CARTESIAN_POINT('',(0.000927236467599873,0.00577384814321996,0.));
#2196=CARTESIAN_POINT('',(0.,0.,0.));
#2197=CARTESIAN_POINT('',(0.000927236467599873,0.000173848143219961,0.0005));
#2198=CARTESIAN_POINT('',(0.000927236467599873,0.000173848143219961,0.));
#2199=CARTESIAN_POINT('',(-0.0696977635324001,0.000173848143219961,0.));
#2200=CARTESIAN_POINT('',(0.0715522364675999,0.000173848143219954,0.));
#2201=CARTESIAN_POINT('',(-0.0696977635324001,0.000173848143219961,0.0005));
#2202=CARTESIAN_POINT('',(-0.0696977635324001,0.000173848143219961,0.0005));
#2203=CARTESIAN_POINT('',(0.000927236467599873,0.000173848143219961,0.0005));
#2204=CARTESIAN_POINT('',(0.0715522364675999,0.000173848143219954,0.0005));
#2205=CARTESIAN_POINT('',(0.0715522364675999,0.000173848143219954,0.0005));
#2206=CARTESIAN_POINT('',(-0.0696977635324001,-0.00232615185678004,0.0005));
#2207=CARTESIAN_POINT('',(-0.0696977635324001,-0.00232615185678004,0.));
#2208=CARTESIAN_POINT('',(-0.0696977635324001,-0.00482615185678004,0.));
#2209=CARTESIAN_POINT('',(-0.0696977635324001,-0.00482615185678004,0.0005));
#2210=CARTESIAN_POINT('',(-0.0696977635324001,-0.00482615185678004,0.0005));
#2211=CARTESIAN_POINT('',(-0.0696977635324001,-0.00232615185678004,0.0005));
#2212=CARTESIAN_POINT('',(0.000927236467599873,-0.00482615185678004,0.0005));
#2213=CARTESIAN_POINT('',(0.000927236467599873,-0.00482615185678004,0.));
#2214=CARTESIAN_POINT('',(0.0715522364675999,-0.00482615185678004,0.));
#2215=CARTESIAN_POINT('',(0.0715522364675999,-0.00482615185678004,0.0005));
#2216=CARTESIAN_POINT('',(0.0715522364675999,-0.00482615185678004,0.0005));
#2217=CARTESIAN_POINT('',(0.000927236467599873,-0.00482615185678004,0.0005));
#2218=CARTESIAN_POINT('',(0.0715522364675999,-0.00232615185678004,0.0005));
#2219=CARTESIAN_POINT('',(0.0715522364675999,-0.00232615185678004,0.));
#2220=CARTESIAN_POINT('',(0.0715522364675999,-0.00232615185678004,0.0005));
#2221=CARTESIAN_POINT('',(0.000927236467599873,0.00577384814321996,0.0005));
#2222=CARTESIAN_POINT('',(0.000927236467599873,0.00577384814321996,0.));
#2223=CARTESIAN_POINT('',(0.,0.,0.));
#2224=CARTESIAN_POINT('',(0.000927236467599873,0.04877384814322,0.0005));
#2225=CARTESIAN_POINT('',(0.000927236467599873,0.04877384814322,0.));
#2226=CARTESIAN_POINT('',(-0.0696977635324001,0.04877384814322,0.));
#2227=CARTESIAN_POINT('',(0.0715522364675999,0.04877384814322,0.));
#2228=CARTESIAN_POINT('',(-0.0696977635324001,0.04877384814322,0.0005));
#2229=CARTESIAN_POINT('',(-0.0696977635324001,0.04877384814322,0.0005));
#2230=CARTESIAN_POINT('',(0.000927236467599873,0.04877384814322,0.0005));
#2231=CARTESIAN_POINT('',(0.0715522364675999,0.04877384814322,0.0005));
#2232=CARTESIAN_POINT('',(0.0715522364675999,0.04877384814322,0.0005));
#2233=CARTESIAN_POINT('',(-0.0696977635324001,0.04627384814322,0.0005));
#2234=CARTESIAN_POINT('',(-0.0696977635324001,0.04627384814322,0.));
#2235=CARTESIAN_POINT('',(-0.0696977635324001,0.0437738481432199,0.));
#2236=CARTESIAN_POINT('',(-0.0696977635324001,0.0437738481432199,0.0005));
#2237=CARTESIAN_POINT('',(-0.0696977635324001,0.0437738481432199,0.0005));
#2238=CARTESIAN_POINT('',(-0.0696977635324001,0.04627384814322,0.0005));
#2239=CARTESIAN_POINT('',(0.000927236467599873,0.0437738481432199,0.0005));
#2240=CARTESIAN_POINT('',(0.000927236467599873,0.0437738481432199,0.));
#2241=CARTESIAN_POINT('',(0.0715522364675999,0.0437738481432199,0.));
#2242=CARTESIAN_POINT('',(0.0715522364675999,0.0437738481432199,0.0005));
#2243=CARTESIAN_POINT('',(0.0715522364675999,0.0437738481432199,0.0005));
#2244=CARTESIAN_POINT('',(0.000927236467599873,0.0437738481432199,0.0005));
#2245=CARTESIAN_POINT('',(0.0715522364675999,0.04627384814322,0.0005));
#2246=CARTESIAN_POINT('',(0.0715522364675999,0.04627384814322,0.));
#2247=CARTESIAN_POINT('',(0.0715522364675999,0.04627384814322,0.0005));
#2248=CARTESIAN_POINT('',(0.000927236467599873,0.00577384814321996,0.0005));
#2249=CARTESIAN_POINT('',(0.000927236467599873,0.00577384814321996,0.));
#2250=CARTESIAN_POINT('',(0.,0.,0.));
#2251=CARTESIAN_POINT('',(0.000927236467599873,-0.00792615185678004,0.0005));
#2252=CARTESIAN_POINT('',(0.000927236467599873,-0.00792615185678004,0.));
#2253=CARTESIAN_POINT('',(-0.0696977635324001,-0.00792615185678004,0.));
#2254=CARTESIAN_POINT('',(0.0715522364675999,-0.00792615185678004,0.));
#2255=CARTESIAN_POINT('',(-0.0696977635324001,-0.00792615185678004,0.0005));
#2256=CARTESIAN_POINT('',(-0.0696977635324001,-0.00792615185678004,0.0005));
#2257=CARTESIAN_POINT('',(0.000927236467599873,-0.00792615185678004,0.0005));
#2258=CARTESIAN_POINT('',(0.0715522364675999,-0.00792615185678004,0.0005));
#2259=CARTESIAN_POINT('',(0.0715522364675999,-0.00792615185678004,0.0005));
#2260=CARTESIAN_POINT('',(-0.0696977635324001,-0.01042615185678,0.0005));
#2261=CARTESIAN_POINT('',(-0.0696977635324001,-0.01042615185678,0.));
#2262=CARTESIAN_POINT('',(-0.0696977635324001,-0.01292615185678,0.));
#2263=CARTESIAN_POINT('',(-0.0696977635324001,-0.01292615185678,0.0005));
#2264=CARTESIAN_POINT('',(-0.0696977635324001,-0.01292615185678,0.0005));
#2265=CARTESIAN_POINT('',(-0.0696977635324001,-0.01042615185678,0.0005));
#2266=CARTESIAN_POINT('',(0.000927236467599873,-0.01292615185678,0.0005));
#2267=CARTESIAN_POINT('',(0.000927236467599873,-0.01292615185678,0.));
#2268=CARTESIAN_POINT('',(0.0715522364675999,-0.01292615185678,0.));
#2269=CARTESIAN_POINT('',(0.0715522364675999,-0.01292615185678,0.0005));
#2270=CARTESIAN_POINT('',(0.0715522364675999,-0.01292615185678,0.0005));
#2271=CARTESIAN_POINT('',(0.000927236467599873,-0.01292615185678,0.0005));
#2272=CARTESIAN_POINT('',(0.0715522364675999,-0.01042615185678,0.0005));
#2273=CARTESIAN_POINT('',(0.0715522364675999,-0.01042615185678,0.));
#2274=CARTESIAN_POINT('',(0.0715522364675999,-0.01042615185678,0.0005));
#2275=CARTESIAN_POINT('',(0.000927236467599873,0.00577384814321996,0.0005));
#2276=CARTESIAN_POINT('',(0.000927236467599873,0.00577384814321996,0.));
#2277=CARTESIAN_POINT('',(0.,0.,0.));
#2278=CARTESIAN_POINT('',(0.000927236467599873,0.0406738481432199,0.0005));
#2279=CARTESIAN_POINT('',(0.000927236467599873,0.0406738481432199,0.));
#2280=CARTESIAN_POINT('',(-0.0696977635324001,0.0406738481432199,0.));
#2281=CARTESIAN_POINT('',(0.0715522364675999,0.0406738481432199,0.));
#2282=CARTESIAN_POINT('',(-0.0696977635324001,0.0406738481432199,0.0005));
#2283=CARTESIAN_POINT('',(-0.0696977635324001,0.0406738481432199,0.0005));
#2284=CARTESIAN_POINT('',(0.000927236467599873,0.0406738481432199,0.0005));
#2285=CARTESIAN_POINT('',(0.0715522364675999,0.0406738481432199,0.0005));
#2286=CARTESIAN_POINT('',(0.0715522364675999,0.0406738481432199,0.0005));
#2287=CARTESIAN_POINT('',(-0.0696977635324001,0.0381738481432199,0.0005));
#2288=CARTESIAN_POINT('',(-0.0696977635324001,0.0381738481432199,0.));
#2289=CARTESIAN_POINT('',(-0.0696977635324001,0.03567384814322,0.));
#2290=CARTESIAN_POINT('',(-0.0696977635324001,0.03567384814322,0.0005));
#2291=CARTESIAN_POINT('',(-0.0696977635324001,0.03567384814322,0.0005));
#2292=CARTESIAN_POINT('',(-0.0696977635324001,0.0381738481432199,0.0005));
#2293=CARTESIAN_POINT('',(0.000927236467599873,0.03567384814322,0.0005));
#2294=CARTESIAN_POINT('',(0.000927236467599873,0.03567384814322,0.));
#2295=CARTESIAN_POINT('',(0.0715522364675999,0.03567384814322,0.));
#2296=CARTESIAN_POINT('',(0.0715522364675999,0.03567384814322,0.0005));
#2297=CARTESIAN_POINT('',(0.0715522364675999,0.03567384814322,0.0005));
#2298=CARTESIAN_POINT('',(0.000927236467599873,0.03567384814322,0.0005));
#2299=CARTESIAN_POINT('',(0.0715522364675999,0.0381738481432199,0.0005));
#2300=CARTESIAN_POINT('',(0.0715522364675999,0.0381738481432199,0.));
#2301=CARTESIAN_POINT('',(0.0715522364675999,0.0381738481432199,0.0005));
#2302=CARTESIAN_POINT('',(0.000927236467599873,0.00577384814321996,0.0005));
#2303=CARTESIAN_POINT('',(0.000927236467599873,0.00577384814321996,0.));
#2304=CARTESIAN_POINT('',(0.,0.,0.));
#2305=CARTESIAN_POINT('',(0.000927236467599873,-0.0403261518567801,0.0005));
#2306=CARTESIAN_POINT('',(0.000927236467599873,-0.0403261518567801,0.));
#2307=CARTESIAN_POINT('',(-0.0696977635324001,-0.0403261518567801,0.));
#2308=CARTESIAN_POINT('',(0.0715522364675999,-0.0403261518567801,0.));
#2309=CARTESIAN_POINT('',(-0.0696977635324001,-0.0403261518567801,0.0005));
#2310=CARTESIAN_POINT('',(-0.0696977635324001,-0.0403261518567801,0.0005));
#2311=CARTESIAN_POINT('',(0.000927236467599873,-0.0403261518567801,0.0005));
#2312=CARTESIAN_POINT('',(0.0715522364675999,-0.0403261518567801,0.0005));
#2313=CARTESIAN_POINT('',(0.0715522364675999,-0.0403261518567801,0.0005));
#2314=CARTESIAN_POINT('',(-0.0696977635324001,-0.04282615185678,0.0005));
#2315=CARTESIAN_POINT('',(-0.0696977635324001,-0.04282615185678,0.));
#2316=CARTESIAN_POINT('',(-0.0696977635324001,-0.04532615185678,0.));
#2317=CARTESIAN_POINT('',(-0.0696977635324001,-0.04532615185678,0.0005));
#2318=CARTESIAN_POINT('',(-0.0696977635324001,-0.04532615185678,0.0005));
#2319=CARTESIAN_POINT('',(-0.0696977635324001,-0.04282615185678,0.0005));
#2320=CARTESIAN_POINT('',(0.000927236467599873,-0.04532615185678,0.0005));
#2321=CARTESIAN_POINT('',(0.000927236467599873,-0.04532615185678,0.));
#2322=CARTESIAN_POINT('',(0.0715522364675999,-0.04532615185678,0.));
#2323=CARTESIAN_POINT('',(0.0715522364675999,-0.04532615185678,0.0005));
#2324=CARTESIAN_POINT('',(0.0715522364675999,-0.04532615185678,0.0005));
#2325=CARTESIAN_POINT('',(0.000927236467599873,-0.04532615185678,0.0005));
#2326=CARTESIAN_POINT('',(0.0715522364675999,-0.04282615185678,0.0005));
#2327=CARTESIAN_POINT('',(0.0715522364675999,-0.04282615185678,0.));
#2328=CARTESIAN_POINT('',(0.0715522364675999,-0.04282615185678,0.0005));
#2329=CARTESIAN_POINT('',(0.000927236467599873,0.00577384814321996,0.0005));
#2330=CARTESIAN_POINT('',(0.000927236467599873,0.00577384814321996,0.));
#2331=CARTESIAN_POINT('',(0.,0.,0.));
#2332=CARTESIAN_POINT('',(0.000927236467599873,-0.01602615185678,0.0005));
#2333=CARTESIAN_POINT('',(0.000927236467599873,-0.01602615185678,0.));
#2334=CARTESIAN_POINT('',(-0.0696977635324001,-0.01602615185678,0.));
#2335=CARTESIAN_POINT('',(0.0715522364675999,-0.01602615185678,0.));
#2336=CARTESIAN_POINT('',(-0.0696977635324001,-0.01602615185678,0.0005));
#2337=CARTESIAN_POINT('',(-0.0696977635324001,-0.01602615185678,0.0005));
#2338=CARTESIAN_POINT('',(0.000927236467599873,-0.01602615185678,0.0005));
#2339=CARTESIAN_POINT('',(0.0715522364675999,-0.01602615185678,0.0005));
#2340=CARTESIAN_POINT('',(0.0715522364675999,-0.01602615185678,0.0005));
#2341=CARTESIAN_POINT('',(-0.0696977635324001,-0.01852615185678,0.0005));
#2342=CARTESIAN_POINT('',(-0.0696977635324001,-0.01852615185678,0.));
#2343=CARTESIAN_POINT('',(-0.0696977635324001,-0.02102615185678,0.));
#2344=CARTESIAN_POINT('',(-0.0696977635324001,-0.02102615185678,0.0005));
#2345=CARTESIAN_POINT('',(-0.0696977635324001,-0.02102615185678,0.0005));
#2346=CARTESIAN_POINT('',(-0.0696977635324001,-0.01852615185678,0.0005));
#2347=CARTESIAN_POINT('',(0.000927236467599873,-0.02102615185678,0.0005));
#2348=CARTESIAN_POINT('',(0.000927236467599873,-0.02102615185678,0.));
#2349=CARTESIAN_POINT('',(0.0715522364675999,-0.02102615185678,0.));
#2350=CARTESIAN_POINT('',(0.0715522364675999,-0.02102615185678,0.0005));
#2351=CARTESIAN_POINT('',(0.0715522364675999,-0.02102615185678,0.0005));
#2352=CARTESIAN_POINT('',(0.000927236467599873,-0.02102615185678,0.0005));
#2353=CARTESIAN_POINT('',(0.0715522364675999,-0.01852615185678,0.0005));
#2354=CARTESIAN_POINT('',(0.0715522364675999,-0.01852615185678,0.));
#2355=CARTESIAN_POINT('',(0.0715522364675999,-0.01852615185678,0.0005));
#2356=CARTESIAN_POINT('',(0.000927236467599873,0.00577384814321996,0.0005));
#2357=CARTESIAN_POINT('',(0.000927236467599873,0.00577384814321996,0.));
#2358=CARTESIAN_POINT('',(0.,0.,0.));
#2359=CARTESIAN_POINT('',(0.000927236467599873,0.0325738481432199,0.0005));
#2360=CARTESIAN_POINT('',(0.000927236467599873,0.0325738481432199,0.));
#2361=CARTESIAN_POINT('',(-0.0696977635324001,0.0325738481432199,0.));
#2362=CARTESIAN_POINT('',(0.0715522364675999,0.0325738481432199,0.));
#2363=CARTESIAN_POINT('',(-0.0696977635324001,0.0325738481432199,0.0005));
#2364=CARTESIAN_POINT('',(-0.0696977635324001,0.0325738481432199,0.0005));
#2365=CARTESIAN_POINT('',(0.000927236467599873,0.0325738481432199,0.0005));
#2366=CARTESIAN_POINT('',(0.0715522364675999,0.0325738481432199,0.0005));
#2367=CARTESIAN_POINT('',(0.0715522364675999,0.0325738481432199,0.0005));
#2368=CARTESIAN_POINT('',(-0.0696977635324001,0.03007384814322,0.0005));
#2369=CARTESIAN_POINT('',(-0.0696977635324001,0.03007384814322,0.));
#2370=CARTESIAN_POINT('',(-0.0696977635324001,0.0275738481432199,0.));
#2371=CARTESIAN_POINT('',(-0.0696977635324001,0.0275738481432199,0.0005));
#2372=CARTESIAN_POINT('',(-0.0696977635324001,0.0275738481432199,0.0005));
#2373=CARTESIAN_POINT('',(-0.0696977635324001,0.03007384814322,0.0005));
#2374=CARTESIAN_POINT('',(0.000927236467599873,0.0275738481432199,0.0005));
#2375=CARTESIAN_POINT('',(0.000927236467599873,0.0275738481432199,0.));
#2376=CARTESIAN_POINT('',(0.0715522364675999,0.0275738481432199,0.));
#2377=CARTESIAN_POINT('',(0.0715522364675999,0.0275738481432199,0.0005));
#2378=CARTESIAN_POINT('',(0.0715522364675999,0.0275738481432199,0.0005));
#2379=CARTESIAN_POINT('',(0.000927236467599873,0.0275738481432199,0.0005));
#2380=CARTESIAN_POINT('',(0.0715522364675999,0.03007384814322,0.0005));
#2381=CARTESIAN_POINT('',(0.0715522364675999,0.03007384814322,0.));
#2382=CARTESIAN_POINT('',(0.0715522364675999,0.03007384814322,0.0005));
#2383=CARTESIAN_POINT('',(0.000927236467599873,0.00577384814321996,0.0005));
#2384=CARTESIAN_POINT('',(0.000927236467599873,0.00577384814321996,0.));
#2385=CARTESIAN_POINT('',(0.,0.,0.));
#2386=CARTESIAN_POINT('',(0.000927236467599873,-0.04842615185678,0.0005));
#2387=CARTESIAN_POINT('',(0.000927236467599873,-0.04842615185678,0.));
#2388=CARTESIAN_POINT('',(-0.0696977635324001,-0.04842615185678,0.));
#2389=CARTESIAN_POINT('',(0.0715522364675999,-0.0484261518567801,0.));
#2390=CARTESIAN_POINT('',(-0.0696977635324001,-0.04842615185678,0.0005));
#2391=CARTESIAN_POINT('',(-0.0696977635324001,-0.04842615185678,0.0005));
#2392=CARTESIAN_POINT('',(0.000927236467599873,-0.04842615185678,0.0005));
#2393=CARTESIAN_POINT('',(0.0715522364675999,-0.0484261518567801,0.0005));
#2394=CARTESIAN_POINT('',(0.0715522364675999,-0.0484261518567801,0.0005));
#2395=CARTESIAN_POINT('',(-0.0696977635324001,-0.05092615185678,0.0005));
#2396=CARTESIAN_POINT('',(-0.0696977635324001,-0.05092615185678,0.));
#2397=CARTESIAN_POINT('',(-0.0696977635324001,-0.05342615185678,0.));
#2398=CARTESIAN_POINT('',(-0.0696977635324001,-0.05342615185678,0.0005));
#2399=CARTESIAN_POINT('',(-0.0696977635324001,-0.05342615185678,0.0005));
#2400=CARTESIAN_POINT('',(-0.0696977635324001,-0.05092615185678,0.0005));
#2401=CARTESIAN_POINT('',(0.000927236467599873,-0.05342615185678,0.0005));
#2402=CARTESIAN_POINT('',(0.000927236467599873,-0.05342615185678,0.));
#2403=CARTESIAN_POINT('',(0.0715522364675999,-0.05342615185678,0.));
#2404=CARTESIAN_POINT('',(0.0715522364675999,-0.05342615185678,0.0005));
#2405=CARTESIAN_POINT('',(0.0715522364675999,-0.05342615185678,0.0005));
#2406=CARTESIAN_POINT('',(0.000927236467599873,-0.05342615185678,0.0005));
#2407=CARTESIAN_POINT('',(0.0715522364675999,-0.0509261518567801,0.0005));
#2408=CARTESIAN_POINT('',(0.0715522364675999,-0.0509261518567801,0.));
#2409=CARTESIAN_POINT('',(0.0715522364675999,-0.0509261518567801,0.0005));
#2410=CARTESIAN_POINT('',(0.000927236467599873,0.00577384814321996,0.0005));
#2411=CARTESIAN_POINT('',(0.000927236467599873,0.00577384814321996,0.));
#2412=CARTESIAN_POINT('',(0.,0.,0.));
#2413=CARTESIAN_POINT('',(0.000927236467599873,-0.02412615185678,0.0005));
#2414=CARTESIAN_POINT('',(0.000927236467599873,-0.02412615185678,0.));
#2415=CARTESIAN_POINT('',(-0.0696977635324001,-0.02412615185678,0.));
#2416=CARTESIAN_POINT('',(0.0715522364675999,-0.02412615185678,0.));
#2417=CARTESIAN_POINT('',(-0.0696977635324001,-0.02412615185678,0.0005));
#2418=CARTESIAN_POINT('',(-0.0696977635324001,-0.02412615185678,0.0005));
#2419=CARTESIAN_POINT('',(0.000927236467599873,-0.02412615185678,0.0005));
#2420=CARTESIAN_POINT('',(0.0715522364675999,-0.02412615185678,0.0005));
#2421=CARTESIAN_POINT('',(0.0715522364675999,-0.02412615185678,0.0005));
#2422=CARTESIAN_POINT('',(-0.0696977635324001,-0.0266261518567801,0.0005));
#2423=CARTESIAN_POINT('',(-0.0696977635324001,-0.0266261518567801,0.));
#2424=CARTESIAN_POINT('',(-0.0696977635324001,-0.02912615185678,0.));
#2425=CARTESIAN_POINT('',(-0.0696977635324001,-0.02912615185678,0.0005));
#2426=CARTESIAN_POINT('',(-0.0696977635324001,-0.02912615185678,0.0005));
#2427=CARTESIAN_POINT('',(-0.0696977635324001,-0.0266261518567801,0.0005));
#2428=CARTESIAN_POINT('',(0.000927236467599873,-0.02912615185678,0.0005));
#2429=CARTESIAN_POINT('',(0.000927236467599873,-0.02912615185678,0.));
#2430=CARTESIAN_POINT('',(0.0715522364675999,-0.02912615185678,0.));
#2431=CARTESIAN_POINT('',(0.0715522364675999,-0.02912615185678,0.0005));
#2432=CARTESIAN_POINT('',(0.0715522364675999,-0.02912615185678,0.0005));
#2433=CARTESIAN_POINT('',(0.000927236467599873,-0.02912615185678,0.0005));
#2434=CARTESIAN_POINT('',(0.0715522364675999,-0.0266261518567801,0.0005));
#2435=CARTESIAN_POINT('',(0.0715522364675999,-0.0266261518567801,0.));
#2436=CARTESIAN_POINT('',(0.0715522364675999,-0.0266261518567801,0.0005));
#2437=CARTESIAN_POINT('',(0.000927236467599873,0.00577384814321996,0.0005));
#2438=CARTESIAN_POINT('',(0.000927236467599873,0.00577384814321996,0.));
#2439=CARTESIAN_POINT('',(0.,0.,0.));
#2440=CARTESIAN_POINT('',(0.000927236467599873,0.0244738481432199,0.0005));
#2441=CARTESIAN_POINT('',(0.000927236467599873,0.0244738481432199,0.));
#2442=CARTESIAN_POINT('',(-0.0696977635324001,0.0244738481432199,0.));
#2443=CARTESIAN_POINT('',(0.0715522364675999,0.0244738481432199,0.));
#2444=CARTESIAN_POINT('',(-0.0696977635324001,0.0244738481432199,0.0005));
#2445=CARTESIAN_POINT('',(-0.0696977635324001,0.0244738481432199,0.0005));
#2446=CARTESIAN_POINT('',(0.000927236467599873,0.0244738481432199,0.0005));
#2447=CARTESIAN_POINT('',(0.0715522364675999,0.0244738481432199,0.0005));
#2448=CARTESIAN_POINT('',(0.0715522364675999,0.0244738481432199,0.0005));
#2449=CARTESIAN_POINT('',(-0.0696977635324001,0.0219738481432199,0.0005));
#2450=CARTESIAN_POINT('',(-0.0696977635324001,0.0219738481432199,0.));
#2451=CARTESIAN_POINT('',(-0.0696977635324001,0.0194738481432199,0.));
#2452=CARTESIAN_POINT('',(-0.0696977635324001,0.0194738481432199,0.0005));
#2453=CARTESIAN_POINT('',(-0.0696977635324001,0.0194738481432199,0.0005));
#2454=CARTESIAN_POINT('',(-0.0696977635324001,0.0219738481432199,0.0005));
#2455=CARTESIAN_POINT('',(0.000927236467599873,0.0194738481432199,0.0005));
#2456=CARTESIAN_POINT('',(0.000927236467599873,0.0194738481432199,0.));
#2457=CARTESIAN_POINT('',(0.0715522364675999,0.0194738481432199,0.));
#2458=CARTESIAN_POINT('',(0.0715522364675999,0.0194738481432199,0.0005));
#2459=CARTESIAN_POINT('',(0.0715522364675999,0.0194738481432199,0.0005));
#2460=CARTESIAN_POINT('',(0.000927236467599873,0.0194738481432199,0.0005));
#2461=CARTESIAN_POINT('',(0.0715522364675999,0.0219738481432199,0.0005));
#2462=CARTESIAN_POINT('',(0.0715522364675999,0.0219738481432199,0.));
#2463=CARTESIAN_POINT('',(0.0715522364675999,0.0219738481432199,0.0005));
#2464=CARTESIAN_POINT('',(0.000927236467599873,0.00577384814321996,0.0005));
#2465=CARTESIAN_POINT('',(0.000927236467599873,0.00577384814321996,0.));
#2466=CARTESIAN_POINT('',(0.,0.,0.));
#2467=CARTESIAN_POINT('',(0.000927236467599873,-0.0322261518567801,0.0005));
#2468=CARTESIAN_POINT('',(0.000927236467599873,-0.0322261518567801,0.));
#2469=CARTESIAN_POINT('',(-0.0696977635324001,-0.0322261518567801,0.));
#2470=CARTESIAN_POINT('',(0.0715522364675999,-0.0322261518567801,0.));
#2471=CARTESIAN_POINT('',(-0.0696977635324001,-0.0322261518567801,0.0005));
#2472=CARTESIAN_POINT('',(-0.0696977635324001,-0.0322261518567801,0.0005));
#2473=CARTESIAN_POINT('',(0.000927236467599873,-0.0322261518567801,0.0005));
#2474=CARTESIAN_POINT('',(0.0715522364675999,-0.0322261518567801,0.0005));
#2475=CARTESIAN_POINT('',(0.0715522364675999,-0.0322261518567801,0.0005));
#2476=CARTESIAN_POINT('',(-0.0696977635324001,-0.0347261518567801,0.0005));
#2477=CARTESIAN_POINT('',(-0.0696977635324001,-0.0347261518567801,0.));
#2478=CARTESIAN_POINT('',(-0.0696977635324001,-0.0372261518567801,0.));
#2479=CARTESIAN_POINT('',(-0.0696977635324001,-0.0372261518567801,0.0005));
#2480=CARTESIAN_POINT('',(-0.0696977635324001,-0.0372261518567801,0.0005));
#2481=CARTESIAN_POINT('',(-0.0696977635324001,-0.0347261518567801,0.0005));
#2482=CARTESIAN_POINT('',(0.000927236467599873,-0.0372261518567801,0.0005));
#2483=CARTESIAN_POINT('',(0.000927236467599873,-0.0372261518567801,0.));
#2484=CARTESIAN_POINT('',(0.0715522364675999,-0.0372261518567801,0.));
#2485=CARTESIAN_POINT('',(0.0715522364675999,-0.0372261518567801,0.0005));
#2486=CARTESIAN_POINT('',(0.0715522364675999,-0.0372261518567801,0.0005));
#2487=CARTESIAN_POINT('',(0.000927236467599873,-0.0372261518567801,0.0005));
#2488=CARTESIAN_POINT('',(0.0715522364675999,-0.0347261518567801,0.0005));
#2489=CARTESIAN_POINT('',(0.0715522364675999,-0.0347261518567801,0.));
#2490=CARTESIAN_POINT('',(0.0715522364675999,-0.0347261518567801,0.0005));
#2491=CARTESIAN_POINT('',(0.000927236467599873,0.00577384814321996,0.0005));
#2492=CARTESIAN_POINT('',(0.000927236467599873,0.00577384814321996,0.));
#2493=MECHANICAL_DESIGN_GEOMETRIC_PRESENTATION_REPRESENTATION('',(#1435),
#2508);
#2494=MECHANICAL_DESIGN_GEOMETRIC_PRESENTATION_REPRESENTATION('',(#1436),
#2509);
#2495=MECHANICAL_DESIGN_GEOMETRIC_PRESENTATION_REPRESENTATION('',(#1437),
#2510);
#2496=MECHANICAL_DESIGN_GEOMETRIC_PRESENTATION_REPRESENTATION('',(#1438),
#2511);
#2497=MECHANICAL_DESIGN_GEOMETRIC_PRESENTATION_REPRESENTATION('',(#1439),
#2512);
#2498=MECHANICAL_DESIGN_GEOMETRIC_PRESENTATION_REPRESENTATION('',(#1440),
#2513);
#2499=MECHANICAL_DESIGN_GEOMETRIC_PRESENTATION_REPRESENTATION('',(#1441),
#2514);
#2500=MECHANICAL_DESIGN_GEOMETRIC_PRESENTATION_REPRESENTATION('',(#1442),
#2515);
#2501=MECHANICAL_DESIGN_GEOMETRIC_PRESENTATION_REPRESENTATION('',(#1443),
#2516);
#2502=MECHANICAL_DESIGN_GEOMETRIC_PRESENTATION_REPRESENTATION('',(#1444),
#2517);
#2503=MECHANICAL_DESIGN_GEOMETRIC_PRESENTATION_REPRESENTATION('',(#1445),
#2518);
#2504=MECHANICAL_DESIGN_GEOMETRIC_PRESENTATION_REPRESENTATION('',(#1446),
#2519);
#2505=MECHANICAL_DESIGN_GEOMETRIC_PRESENTATION_REPRESENTATION('',(#1447),
#2520);
#2506=MECHANICAL_DESIGN_GEOMETRIC_PRESENTATION_REPRESENTATION('',(#1448),
#2521);
#2507=MECHANICAL_DESIGN_GEOMETRIC_PRESENTATION_REPRESENTATION('',(#1449),
#2522);
#2508=(
GEOMETRIC_REPRESENTATION_CONTEXT(3)
GLOBAL_UNCERTAINTY_ASSIGNED_CONTEXT((#2523))
GLOBAL_UNIT_ASSIGNED_CONTEXT((#2568,#2553,#2538))
REPRESENTATION_CONTEXT('Part 7','TOP_LEVEL_ASSEMBLY_PART')
);
#2509=(
GEOMETRIC_REPRESENTATION_CONTEXT(3)
GLOBAL_UNCERTAINTY_ASSIGNED_CONTEXT((#2524))
GLOBAL_UNIT_ASSIGNED_CONTEXT((#2569,#2554,#2539))
REPRESENTATION_CONTEXT('Part 1','TOP_LEVEL_ASSEMBLY_PART')
);
#2510=(
GEOMETRIC_REPRESENTATION_CONTEXT(3)
GLOBAL_UNCERTAINTY_ASSIGNED_CONTEXT((#2525))
GLOBAL_UNIT_ASSIGNED_CONTEXT((#2570,#2555,#2540))
REPRESENTATION_CONTEXT('Part 8','TOP_LEVEL_ASSEMBLY_PART')
);
#2511=(
GEOMETRIC_REPRESENTATION_CONTEXT(3)
GLOBAL_UNCERTAINTY_ASSIGNED_CONTEXT((#2526))
GLOBAL_UNIT_ASSIGNED_CONTEXT((#2571,#2556,#2541))
REPRESENTATION_CONTEXT('Part 2','TOP_LEVEL_ASSEMBLY_PART')
);
#2512=(
GEOMETRIC_REPRESENTATION_CONTEXT(3)
GLOBAL_UNCERTAINTY_ASSIGNED_CONTEXT((#2527))
GLOBAL_UNIT_ASSIGNED_CONTEXT((#2572,#2557,#2542))
REPRESENTATION_CONTEXT('Part 9','TOP_LEVEL_ASSEMBLY_PART')
);
#2513=(
GEOMETRIC_REPRESENTATION_CONTEXT(3)
GLOBAL_UNCERTAINTY_ASSIGNED_CONTEXT((#2528))
GLOBAL_UNIT_ASSIGNED_CONTEXT((#2573,#2558,#2543))
REPRESENTATION_CONTEXT('Part 3','TOP_LEVEL_ASSEMBLY_PART')
);
#2514=(
GEOMETRIC_REPRESENTATION_CONTEXT(3)
GLOBAL_UNCERTAINTY_ASSIGNED_CONTEXT((#2529))
GLOBAL_UNIT_ASSIGNED_CONTEXT((#2574,#2559,#2544))
REPRESENTATION_CONTEXT('Part 10','TOP_LEVEL_ASSEMBLY_PART')
);
#2515=(
GEOMETRIC_REPRESENTATION_CONTEXT(3)
GLOBAL_UNCERTAINTY_ASSIGNED_CONTEXT((#2530))
GLOBAL_UNIT_ASSIGNED_CONTEXT((#2575,#2560,#2545))
REPRESENTATION_CONTEXT('Part 4','TOP_LEVEL_ASSEMBLY_PART')
);
#2516=(
GEOMETRIC_REPRESENTATION_CONTEXT(3)
GLOBAL_UNCERTAINTY_ASSIGNED_CONTEXT((#2531))
GLOBAL_UNIT_ASSIGNED_CONTEXT((#2576,#2561,#2546))
REPRESENTATION_CONTEXT('Part 14','TOP_LEVEL_ASSEMBLY_PART')
);
#2517=(
GEOMETRIC_REPRESENTATION_CONTEXT(3)
GLOBAL_UNCERTAINTY_ASSIGNED_CONTEXT((#2532))
GLOBAL_UNIT_ASSIGNED_CONTEXT((#2577,#2562,#2547))
REPRESENTATION_CONTEXT('Part 11','TOP_LEVEL_ASSEMBLY_PART')
);
#2518=(
GEOMETRIC_REPRESENTATION_CONTEXT(3)
GLOBAL_UNCERTAINTY_ASSIGNED_CONTEXT((#2533))
GLOBAL_UNIT_ASSIGNED_CONTEXT((#2578,#2563,#2548))
REPRESENTATION_CONTEXT('Part 5','TOP_LEVEL_ASSEMBLY_PART')
);
#2519=(
GEOMETRIC_REPRESENTATION_CONTEXT(3)
GLOBAL_UNCERTAINTY_ASSIGNED_CONTEXT((#2534))
GLOBAL_UNIT_ASSIGNED_CONTEXT((#2579,#2564,#2549))
REPRESENTATION_CONTEXT('Part 15','TOP_LEVEL_ASSEMBLY_PART')
);
#2520=(
GEOMETRIC_REPRESENTATION_CONTEXT(3)
GLOBAL_UNCERTAINTY_ASSIGNED_CONTEXT((#2535))
GLOBAL_UNIT_ASSIGNED_CONTEXT((#2580,#2565,#2550))
REPRESENTATION_CONTEXT('Part 12','TOP_LEVEL_ASSEMBLY_PART')
);
#2521=(
GEOMETRIC_REPRESENTATION_CONTEXT(3)
GLOBAL_UNCERTAINTY_ASSIGNED_CONTEXT((#2536))
GLOBAL_UNIT_ASSIGNED_CONTEXT((#2581,#2566,#2551))
REPRESENTATION_CONTEXT('Part 6','TOP_LEVEL_ASSEMBLY_PART')
);
#2522=(
GEOMETRIC_REPRESENTATION_CONTEXT(3)
GLOBAL_UNCERTAINTY_ASSIGNED_CONTEXT((#2537))
GLOBAL_UNIT_ASSIGNED_CONTEXT((#2582,#2567,#2552))
REPRESENTATION_CONTEXT('Part 13','TOP_LEVEL_ASSEMBLY_PART')
);
#2523=UNCERTAINTY_MEASURE_WITH_UNIT(LENGTH_MEASURE(1.E-8),#2568,
'DISTANCE_ACCURACY_VALUE','Maximum Tolerance applied to model');
#2524=UNCERTAINTY_MEASURE_WITH_UNIT(LENGTH_MEASURE(1.E-8),#2569,
'DISTANCE_ACCURACY_VALUE','Maximum Tolerance applied to model');
#2525=UNCERTAINTY_MEASURE_WITH_UNIT(LENGTH_MEASURE(1.E-8),#2570,
'DISTANCE_ACCURACY_VALUE','Maximum Tolerance applied to model');
#2526=UNCERTAINTY_MEASURE_WITH_UNIT(LENGTH_MEASURE(1.E-8),#2571,
'DISTANCE_ACCURACY_VALUE','Maximum Tolerance applied to model');
#2527=UNCERTAINTY_MEASURE_WITH_UNIT(LENGTH_MEASURE(1.E-8),#2572,
'DISTANCE_ACCURACY_VALUE','Maximum Tolerance applied to model');
#2528=UNCERTAINTY_MEASURE_WITH_UNIT(LENGTH_MEASURE(1.E-8),#2573,
'DISTANCE_ACCURACY_VALUE','Maximum Tolerance applied to model');
#2529=UNCERTAINTY_MEASURE_WITH_UNIT(LENGTH_MEASURE(1.E-8),#2574,
'DISTANCE_ACCURACY_VALUE','Maximum Tolerance applied to model');
#2530=UNCERTAINTY_MEASURE_WITH_UNIT(LENGTH_MEASURE(1.E-8),#2575,
'DISTANCE_ACCURACY_VALUE','Maximum Tolerance applied to model');
#2531=UNCERTAINTY_MEASURE_WITH_UNIT(LENGTH_MEASURE(1.E-8),#2576,
'DISTANCE_ACCURACY_VALUE','Maximum Tolerance applied to model');
#2532=UNCERTAINTY_MEASURE_WITH_UNIT(LENGTH_MEASURE(1.E-8),#2577,
'DISTANCE_ACCURACY_VALUE','Maximum Tolerance applied to model');
#2533=UNCERTAINTY_MEASURE_WITH_UNIT(LENGTH_MEASURE(1.E-8),#2578,
'DISTANCE_ACCURACY_VALUE','Maximum Tolerance applied to model');
#2534=UNCERTAINTY_MEASURE_WITH_UNIT(LENGTH_MEASURE(1.E-8),#2579,
'DISTANCE_ACCURACY_VALUE','Maximum Tolerance applied to model');
#2535=UNCERTAINTY_MEASURE_WITH_UNIT(LENGTH_MEASURE(1.E-8),#2580,
'DISTANCE_ACCURACY_VALUE','Maximum Tolerance applied to model');
#2536=UNCERTAINTY_MEASURE_WITH_UNIT(LENGTH_MEASURE(1.E-8),#2581,
'DISTANCE_ACCURACY_VALUE','Maximum Tolerance applied to model');
#2537=UNCERTAINTY_MEASURE_WITH_UNIT(LENGTH_MEASURE(1.E-8),#2582,
'DISTANCE_ACCURACY_VALUE','Maximum Tolerance applied to model');
#2538=(
NAMED_UNIT(*)
SI_UNIT($,.STERADIAN.)
SOLID_ANGLE_UNIT()
);
#2539=(
NAMED_UNIT(*)
SI_UNIT($,.STERADIAN.)
SOLID_ANGLE_UNIT()
);
#2540=(
NAMED_UNIT(*)
SI_UNIT($,.STERADIAN.)
SOLID_ANGLE_UNIT()
);
#2541=(
NAMED_UNIT(*)
SI_UNIT($,.STERADIAN.)
SOLID_ANGLE_UNIT()
);
#2542=(
NAMED_UNIT(*)
SI_UNIT($,.STERADIAN.)
SOLID_ANGLE_UNIT()
);
#2543=(
NAMED_UNIT(*)
SI_UNIT($,.STERADIAN.)
SOLID_ANGLE_UNIT()
);
#2544=(
NAMED_UNIT(*)
SI_UNIT($,.STERADIAN.)
SOLID_ANGLE_UNIT()
);
#2545=(
NAMED_UNIT(*)
SI_UNIT($,.STERADIAN.)
SOLID_ANGLE_UNIT()
);
#2546=(
NAMED_UNIT(*)
SI_UNIT($,.STERADIAN.)
SOLID_ANGLE_UNIT()
);
#2547=(
NAMED_UNIT(*)
SI_UNIT($,.STERADIAN.)
SOLID_ANGLE_UNIT()
);
#2548=(
NAMED_UNIT(*)
SI_UNIT($,.STERADIAN.)
SOLID_ANGLE_UNIT()
);
#2549=(
NAMED_UNIT(*)
SI_UNIT($,.STERADIAN.)
SOLID_ANGLE_UNIT()
);
#2550=(
NAMED_UNIT(*)
SI_UNIT($,.STERADIAN.)
SOLID_ANGLE_UNIT()
);
#2551=(
NAMED_UNIT(*)
SI_UNIT($,.STERADIAN.)
SOLID_ANGLE_UNIT()
);
#2552=(
NAMED_UNIT(*)
SI_UNIT($,.STERADIAN.)
SOLID_ANGLE_UNIT()
);
#2553=(
NAMED_UNIT(*)
PLANE_ANGLE_UNIT()
SI_UNIT($,.RADIAN.)
);
#2554=(
NAMED_UNIT(*)
PLANE_ANGLE_UNIT()
SI_UNIT($,.RADIAN.)
);
#2555=(
NAMED_UNIT(*)
PLANE_ANGLE_UNIT()
SI_UNIT($,.RADIAN.)
);
#2556=(
NAMED_UNIT(*)
PLANE_ANGLE_UNIT()
SI_UNIT($,.RADIAN.)
);
#2557=(
NAMED_UNIT(*)
PLANE_ANGLE_UNIT()
SI_UNIT($,.RADIAN.)
);
#2558=(
NAMED_UNIT(*)
PLANE_ANGLE_UNIT()
SI_UNIT($,.RADIAN.)
);
#2559=(
NAMED_UNIT(*)
PLANE_ANGLE_UNIT()
SI_UNIT($,.RADIAN.)
);
#2560=(
NAMED_UNIT(*)
PLANE_ANGLE_UNIT()
SI_UNIT($,.RADIAN.)
);
#2561=(
NAMED_UNIT(*)
PLANE_ANGLE_UNIT()
SI_UNIT($,.RADIAN.)
);
#2562=(
NAMED_UNIT(*)
PLANE_ANGLE_UNIT()
SI_UNIT($,.RADIAN.)
);
#2563=(
NAMED_UNIT(*)
PLANE_ANGLE_UNIT()
SI_UNIT($,.RADIAN.)
);
#2564=(
NAMED_UNIT(*)
PLANE_ANGLE_UNIT()
SI_UNIT($,.RADIAN.)
);
#2565=(
NAMED_UNIT(*)
PLANE_ANGLE_UNIT()
SI_UNIT($,.RADIAN.)
);
#2566=(
NAMED_UNIT(*)
PLANE_ANGLE_UNIT()
SI_UNIT($,.RADIAN.)
);
#2567=(
NAMED_UNIT(*)
PLANE_ANGLE_UNIT()
SI_UNIT($,.RADIAN.)
);
#2568=(
LENGTH_UNIT()
NAMED_UNIT(*)
SI_UNIT($,.METRE.)
);
#2569=(
LENGTH_UNIT()
NAMED_UNIT(*)
SI_UNIT($,.METRE.)
);
#2570=(
LENGTH_UNIT()
NAMED_UNIT(*)
SI_UNIT($,.METRE.)
);
#2571=(
LENGTH_UNIT()
NAMED_UNIT(*)
SI_UNIT($,.METRE.)
);
#2572=(
LENGTH_UNIT()
NAMED_UNIT(*)
SI_UNIT($,.METRE.)
);
#2573=(
LENGTH_UNIT()
NAMED_UNIT(*)
SI_UNIT($,.METRE.)
);
#2574=(
LENGTH_UNIT()
NAMED_UNIT(*)
SI_UNIT($,.METRE.)
);
#2575=(
LENGTH_UNIT()
NAMED_UNIT(*)
SI_UNIT($,.METRE.)
);
#2576=(
LENGTH_UNIT()
NAMED_UNIT(*)
SI_UNIT($,.METRE.)
);
#2577=(
LENGTH_UNIT()
NAMED_UNIT(*)
SI_UNIT($,.METRE.)
);
#2578=(
LENGTH_UNIT()
NAMED_UNIT(*)
SI_UNIT($,.METRE.)
);
#2579=(
LENGTH_UNIT()
NAMED_UNIT(*)
SI_UNIT($,.METRE.)
);
#2580=(
LENGTH_UNIT()
NAMED_UNIT(*)
SI_UNIT($,.METRE.)
);
#2581=(
LENGTH_UNIT()
NAMED_UNIT(*)
SI_UNIT($,.METRE.)
);
#2582=(
LENGTH_UNIT()
NAMED_UNIT(*)
SI_UNIT($,.METRE.)
);
#2583=PRODUCT_DEFINITION_SHAPE('','',#2598);
#2584=PRODUCT_DEFINITION_SHAPE('','',#2599);
#2585=PRODUCT_DEFINITION_SHAPE('','',#2600);
#2586=PRODUCT_DEFINITION_SHAPE('','',#2601);
#2587=PRODUCT_DEFINITION_SHAPE('','',#2602);
#2588=PRODUCT_DEFINITION_SHAPE('','',#2603);
#2589=PRODUCT_DEFINITION_SHAPE('','',#2604);
#2590=PRODUCT_DEFINITION_SHAPE('','',#2605);
#2591=PRODUCT_DEFINITION_SHAPE('','',#2606);
#2592=PRODUCT_DEFINITION_SHAPE('','',#2607);
#2593=PRODUCT_DEFINITION_SHAPE('','',#2608);
#2594=PRODUCT_DEFINITION_SHAPE('','',#2609);
#2595=PRODUCT_DEFINITION_SHAPE('','',#2610);
#2596=PRODUCT_DEFINITION_SHAPE('','',#2611);
#2597=PRODUCT_DEFINITION_SHAPE('','',#2612);
#2598=PRODUCT_DEFINITION('','',#2628,#2613);
#2599=PRODUCT_DEFINITION('','',#2629,#2614);
#2600=PRODUCT_DEFINITION('','',#2630,#2615);
#2601=PRODUCT_DEFINITION('','',#2631,#2616);
#2602=PRODUCT_DEFINITION('','',#2632,#2617);
#2603=PRODUCT_DEFINITION('','',#2633,#2618);
#2604=PRODUCT_DEFINITION('','',#2634,#2619);
#2605=PRODUCT_DEFINITION('','',#2635,#2620);
#2606=PRODUCT_DEFINITION('','',#2636,#2621);
#2607=PRODUCT_DEFINITION('','',#2637,#2622);
#2608=PRODUCT_DEFINITION('','',#2638,#2623);
#2609=PRODUCT_DEFINITION('','',#2639,#2624);
#2610=PRODUCT_DEFINITION('','',#2640,#2625);
#2611=PRODUCT_DEFINITION('','',#2641,#2626);
#2612=PRODUCT_DEFINITION('','',#2642,#2627);
#2613=PRODUCT_DEFINITION_CONTEXT('',#2718,'design');
#2614=PRODUCT_DEFINITION_CONTEXT('',#2719,'design');
#2615=PRODUCT_DEFINITION_CONTEXT('',#2720,'design');
#2616=PRODUCT_DEFINITION_CONTEXT('',#2721,'design');
#2617=PRODUCT_DEFINITION_CONTEXT('',#2722,'design');
#2618=PRODUCT_DEFINITION_CONTEXT('',#2723,'design');
#2619=PRODUCT_DEFINITION_CONTEXT('',#2724,'design');
#2620=PRODUCT_DEFINITION_CONTEXT('',#2725,'design');
#2621=PRODUCT_DEFINITION_CONTEXT('',#2726,'design');
#2622=PRODUCT_DEFINITION_CONTEXT('',#2727,'design');
#2623=PRODUCT_DEFINITION_CONTEXT('',#2728,'design');
#2624=PRODUCT_DEFINITION_CONTEXT('',#2729,'design');
#2625=PRODUCT_DEFINITION_CONTEXT('',#2730,'design');
#2626=PRODUCT_DEFINITION_CONTEXT('',#2731,'design');
#2627=PRODUCT_DEFINITION_CONTEXT('',#2732,'design');
#2628=PRODUCT_DEFINITION_FORMATION_WITH_SPECIFIED_SOURCE('','',#2658,
 .NOT_KNOWN.);
#2629=PRODUCT_DEFINITION_FORMATION_WITH_SPECIFIED_SOURCE('','',#2659,
 .NOT_KNOWN.);
#2630=PRODUCT_DEFINITION_FORMATION_WITH_SPECIFIED_SOURCE('','',#2660,
 .NOT_KNOWN.);
#2631=PRODUCT_DEFINITION_FORMATION_WITH_SPECIFIED_SOURCE('','',#2661,
 .NOT_KNOWN.);
#2632=PRODUCT_DEFINITION_FORMATION_WITH_SPECIFIED_SOURCE('','',#2662,
 .NOT_KNOWN.);
#2633=PRODUCT_DEFINITION_FORMATION_WITH_SPECIFIED_SOURCE('','',#2663,
 .NOT_KNOWN.);
#2634=PRODUCT_DEFINITION_FORMATION_WITH_SPECIFIED_SOURCE('','',#2664,
 .NOT_KNOWN.);
#2635=PRODUCT_DEFINITION_FORMATION_WITH_SPECIFIED_SOURCE('','',#2665,
 .NOT_KNOWN.);
#2636=PRODUCT_DEFINITION_FORMATION_WITH_SPECIFIED_SOURCE('','',#2666,
 .NOT_KNOWN.);
#2637=PRODUCT_DEFINITION_FORMATION_WITH_SPECIFIED_SOURCE('','',#2667,
 .NOT_KNOWN.);
#2638=PRODUCT_DEFINITION_FORMATION_WITH_SPECIFIED_SOURCE('','',#2668,
 .NOT_KNOWN.);
#2639=PRODUCT_DEFINITION_FORMATION_WITH_SPECIFIED_SOURCE('','',#2669,
 .NOT_KNOWN.);
#2640=PRODUCT_DEFINITION_FORMATION_WITH_SPECIFIED_SOURCE('','',#2670,
 .NOT_KNOWN.);
#2641=PRODUCT_DEFINITION_FORMATION_WITH_SPECIFIED_SOURCE('','',#2671,
 .NOT_KNOWN.);
#2642=PRODUCT_DEFINITION_FORMATION_WITH_SPECIFIED_SOURCE('','',#2672,
 .NOT_KNOWN.);
#2643=PRODUCT_RELATED_PRODUCT_CATEGORY('','',(#2658));
#2644=PRODUCT_RELATED_PRODUCT_CATEGORY('','',(#2659));
#2645=PRODUCT_RELATED_PRODUCT_CATEGORY('','',(#2660));
#2646=PRODUCT_RELATED_PRODUCT_CATEGORY('','',(#2661));
#2647=PRODUCT_RELATED_PRODUCT_CATEGORY('','',(#2662));
#2648=PRODUCT_RELATED_PRODUCT_CATEGORY('','',(#2663));
#2649=PRODUCT_RELATED_PRODUCT_CATEGORY('','',(#2664));
#2650=PRODUCT_RELATED_PRODUCT_CATEGORY('','',(#2665));
#2651=PRODUCT_RELATED_PRODUCT_CATEGORY('','',(#2666));
#2652=PRODUCT_RELATED_PRODUCT_CATEGORY('','',(#2667));
#2653=PRODUCT_RELATED_PRODUCT_CATEGORY('','',(#2668));
#2654=PRODUCT_RELATED_PRODUCT_CATEGORY('','',(#2669));
#2655=PRODUCT_RELATED_PRODUCT_CATEGORY('','',(#2670));
#2656=PRODUCT_RELATED_PRODUCT_CATEGORY('','',(#2671));
#2657=PRODUCT_RELATED_PRODUCT_CATEGORY('','',(#2672));
#2658=PRODUCT('Part 7','Part 7','Part 7',(#2688));
#2659=PRODUCT('Part 1','Part 1','Part 1',(#2689));
#2660=PRODUCT('Part 8','Part 8','Part 8',(#2690));
#2661=PRODUCT('Part 2','Part 2','Part 2',(#2691));
#2662=PRODUCT('Part 9','Part 9','Part 9',(#2692));
#2663=PRODUCT('Part 3','Part 3','Part 3',(#2693));
#2664=PRODUCT('Part 10','Part 10','Part 10',(#2694));
#2665=PRODUCT('Part 4','Part 4','Part 4',(#2695));
#2666=PRODUCT('Part 14','Part 14','Part 14',(#2696));
#2667=PRODUCT('Part 11','Part 11','Part 11',(#2697));
#2668=PRODUCT('Part 5','Part 5','Part 5',(#2698));
#2669=PRODUCT('Part 15','Part 15','Part 15',(#2699));
#2670=PRODUCT('Part 12','Part 12','Part 12',(#2700));
#2671=PRODUCT('Part 6','Part 6','Part 6',(#2701));
#2672=PRODUCT('Part 13','Part 13','Part 13',(#2702));
#2673=PRODUCT_CATEGORY('','');
#2674=PRODUCT_CATEGORY('','');
#2675=PRODUCT_CATEGORY('','');
#2676=PRODUCT_CATEGORY('','');
#2677=PRODUCT_CATEGORY('','');
#2678=PRODUCT_CATEGORY('','');
#2679=PRODUCT_CATEGORY('','');
#2680=PRODUCT_CATEGORY('','');
#2681=PRODUCT_CATEGORY('','');
#2682=PRODUCT_CATEGORY('','');
#2683=PRODUCT_CATEGORY('','');
#2684=PRODUCT_CATEGORY('','');
#2685=PRODUCT_CATEGORY('','');
#2686=PRODUCT_CATEGORY('','');
#2687=PRODUCT_CATEGORY('','');
#2688=PRODUCT_CONTEXT('',#2718,'mechanical');
#2689=PRODUCT_CONTEXT('',#2719,'mechanical');
#2690=PRODUCT_CONTEXT('',#2720,'mechanical');
#2691=PRODUCT_CONTEXT('',#2721,'mechanical');
#2692=PRODUCT_CONTEXT('',#2722,'mechanical');
#2693=PRODUCT_CONTEXT('',#2723,'mechanical');
#2694=PRODUCT_CONTEXT('',#2724,'mechanical');
#2695=PRODUCT_CONTEXT('',#2725,'mechanical');
#2696=PRODUCT_CONTEXT('',#2726,'mechanical');
#2697=PRODUCT_CONTEXT('',#2727,'mechanical');
#2698=PRODUCT_CONTEXT('',#2728,'mechanical');
#2699=PRODUCT_CONTEXT('',#2729,'mechanical');
#2700=PRODUCT_CONTEXT('',#2730,'mechanical');
#2701=PRODUCT_CONTEXT('',#2731,'mechanical');
#2702=PRODUCT_CONTEXT('',#2732,'mechanical');
#2703=APPLICATION_PROTOCOL_DEFINITION('international standard',
'ap242_managed_model_based_3d_engineering',2020,#2718);
#2704=APPLICATION_PROTOCOL_DEFINITION('international standard',
'ap242_managed_model_based_3d_engineering',2020,#2719);
#2705=APPLICATION_PROTOCOL_DEFINITION('international standard',
'ap242_managed_model_based_3d_engineering',2020,#2720);
#2706=APPLICATION_PROTOCOL_DEFINITION('international standard',
'ap242_managed_model_based_3d_engineering',2020,#2721);
#2707=APPLICATION_PROTOCOL_DEFINITION('international standard',
'ap242_managed_model_based_3d_engineering',2020,#2722);
#2708=APPLICATION_PROTOCOL_DEFINITION('international standard',
'ap242_managed_model_based_3d_engineering',2020,#2723);
#2709=APPLICATION_PROTOCOL_DEFINITION('international standard',
'ap242_managed_model_based_3d_engineering',2020,#2724);
#2710=APPLICATION_PROTOCOL_DEFINITION('international standard',
'ap242_managed_model_based_3d_engineering',2020,#2725);
#2711=APPLICATION_PROTOCOL_DEFINITION('international standard',
'ap242_managed_model_based_3d_engineering',2020,#2726);
#2712=APPLICATION_PROTOCOL_DEFINITION('international standard',
'ap242_managed_model_based_3d_engineering',2020,#2727);
#2713=APPLICATION_PROTOCOL_DEFINITION('international standard',
'ap242_managed_model_based_3d_engineering',2020,#2728);
#2714=APPLICATION_PROTOCOL_DEFINITION('international standard',
'ap242_managed_model_based_3d_engineering',2020,#2729);
#2715=APPLICATION_PROTOCOL_DEFINITION('international standard',
'ap242_managed_model_based_3d_engineering',2020,#2730);
#2716=APPLICATION_PROTOCOL_DEFINITION('international standard',
'ap242_managed_model_based_3d_engineering',2020,#2731);
#2717=APPLICATION_PROTOCOL_DEFINITION('international standard',
'ap242_managed_model_based_3d_engineering',2020,#2732);
#2718=APPLICATION_CONTEXT('managed model based 3d engineering');
#2719=APPLICATION_CONTEXT('managed model based 3d engineering');
#2720=APPLICATION_CONTEXT('managed model based 3d engineering');
#2721=APPLICATION_CONTEXT('managed model based 3d engineering');
#2722=APPLICATION_CONTEXT('managed model based 3d engineering');
#2723=APPLICATION_CONTEXT('managed model based 3d engineering');
#2724=APPLICATION_CONTEXT('managed model based 3d engineering');
#2725=APPLICATION_CONTEXT('managed model based 3d engineering');
#2726=APPLICATION_CONTEXT('managed model based 3d engineering');
#2727=APPLICATION_CONTEXT('managed model based 3d engineering');
#2728=APPLICATION_CONTEXT('managed model based 3d engineering');
#2729=APPLICATION_CONTEXT('managed model based 3d engineering');
#2730=APPLICATION_CONTEXT('managed model based 3d engineering');
#2731=APPLICATION_CONTEXT('managed model based 3d engineering');
#2732=APPLICATION_CONTEXT('managed model based 3d engineering');
ENDSEC;
END-ISO-10303-21;
